{
  "ABIRoot": {
    "kind": "Root",
    "name": "TopLevel",
    "printedName": "TopLevel",
    "children": [
      {
        "kind": "Import",
        "name": "Foundation",
        "printedName": "Foundation",
        "declKind": "Import",
        "moduleName": "DecouplingLabSDK",
        "declAttributes": [
          "RawDocComment"
        ]
      },
      {
        "kind": "Import",
        "name": "CocoaLumberjack",
        "printedName": "CocoaLumberjack",
        "declKind": "Import",
        "moduleName": "DecouplingLabSDK"
      },
      {
        "kind": "TypeDecl",
        "name": "DecouplingLab",
        "printedName": "DecouplingLab",
        "children": [
          {
            "kind": "Function",
            "name": "start",
            "printedName": "start(with:)",
            "children": [
              {
                "kind": "TypeNominal",
                "name": "Void",
                "printedName": "()"
              },
              {
                "kind": "TypeNominal",
                "name": "String",
                "printedName": "Swift.String",
                "usr": "s:SS"
              }
            ],
            "declKind": "Func",
            "usr": "s:16DecouplingLabSDK0aB0C5start4withySS_tFZ",
            "mangledName": "$s16DecouplingLabSDK0aB0C5start4withySS_tFZ",
            "moduleName": "DecouplingLabSDK",
            "static": true,
            "declAttributes": [
              "Final",
              "AccessControl",
              "RawDocComment"
            ],
            "funcSelfKind": "NonMutating"
          },
          {
            "kind": "Function",
            "name": "registerAssistants",
            "printedName": "registerAssistants(_:)",
            "children": [
              {
                "kind": "TypeNominal",
                "name": "Void",
                "printedName": "()"
              },
              {
                "kind": "TypeFunc",
                "name": "Function",
                "printedName": "(Any) -> ()",
                "children": [
                  {
                    "kind": "TypeNominal",
                    "name": "Void",
                    "printedName": "()"
                  },
                  {
                    "kind": "TypeNominal",
                    "name": "ProtocolComposition",
                    "printedName": "Any"
                  }
                ],
                "typeAttributes": [
                  "noescape"
                ]
              }
            ],
            "declKind": "Func",
            "usr": "s:16DecouplingLabSDK0aB0C18registerAssistantsyyyypXEFZ",
            "mangledName": "$s16DecouplingLabSDK0aB0C18registerAssistantsyyyypXEFZ",
            "moduleName": "DecouplingLabSDK",
            "static": true,
            "declAttributes": [
              "Final",
              "AccessControl"
            ],
            "funcSelfKind": "NonMutating"
          },
          {
            "kind": "Function",
            "name": "isAssistantAvailable",
            "printedName": "isAssistantAvailable(for:)",
            "children": [
              {
                "kind": "TypeNominal",
                "name": "Bool",
                "printedName": "Swift.Bool",
                "usr": "s:Sb"
              },
              {
                "kind": "TypeNominal",
                "name": "String",
                "printedName": "Swift.String",
                "usr": "s:SS"
              }
            ],
            "declKind": "Func",
            "usr": "s:16DecouplingLabSDK0aB0C20isAssistantAvailable3forSbSS_tFZ",
            "mangledName": "$s16DecouplingLabSDK0aB0C20isAssistantAvailable3forSbSS_tFZ",
            "moduleName": "DecouplingLabSDK",
            "static": true,
            "declAttributes": [
              "Final",
              "AccessControl"
            ],
            "funcSelfKind": "NonMutating"
          },
          {
            "kind": "Function",
            "name": "enableAssistant",
            "printedName": "enableAssistant(for:_:)",
            "children": [
              {
                "kind": "TypeNominal",
                "name": "Void",
                "printedName": "()"
              },
              {
                "kind": "TypeNominal",
                "name": "String",
                "printedName": "Swift.String",
                "usr": "s:SS"
              },
              {
                "kind": "TypeNominal",
                "name": "Bool",
                "printedName": "Swift.Bool",
                "usr": "s:Sb"
              }
            ],
            "declKind": "Func",
            "usr": "s:16DecouplingLabSDK0aB0C15enableAssistant3for_ySS_SbtFZ",
            "mangledName": "$s16DecouplingLabSDK0aB0C15enableAssistant3for_ySS_SbtFZ",
            "moduleName": "DecouplingLabSDK",
            "static": true,
            "declAttributes": [
              "Final",
              "AccessControl"
            ],
            "funcSelfKind": "NonMutating"
          },
          {
            "kind": "Function",
            "name": "isEnabledAssistant",
            "printedName": "isEnabledAssistant(for:)",
            "children": [
              {
                "kind": "TypeNominal",
                "name": "Bool",
                "printedName": "Swift.Bool",
                "usr": "s:Sb"
              },
              {
                "kind": "TypeNominal",
                "name": "String",
                "printedName": "Swift.String",
                "usr": "s:SS"
              }
            ],
            "declKind": "Func",
            "usr": "s:16DecouplingLabSDK0aB0C18isEnabledAssistant3forSbSS_tFZ",
            "mangledName": "$s16DecouplingLabSDK0aB0C18isEnabledAssistant3forSbSS_tFZ",
            "moduleName": "DecouplingLabSDK",
            "static": true,
            "declAttributes": [
              "Final",
              "AccessControl"
            ],
            "funcSelfKind": "NonMutating"
          },
          {
            "kind": "Function",
            "name": "assistant",
            "printedName": "assistant(for:)",
            "children": [
              {
                "kind": "TypeNominal",
                "name": "Optional",
                "printedName": "DecouplingLabSDK.DecouplingLabAssistant?",
                "children": [
                  {
                    "kind": "TypeNominal",
                    "name": "DecouplingLabAssistant",
                    "printedName": "DecouplingLabSDK.DecouplingLabAssistant",
                    "usr": "s:16DecouplingLabSDK0aB9AssistantP"
                  }
                ],
                "usr": "s:Sq"
              },
              {
                "kind": "TypeNominal",
                "name": "String",
                "printedName": "Swift.String",
                "usr": "s:SS"
              }
            ],
            "declKind": "Func",
            "usr": "s:16DecouplingLabSDK0aB0C9assistant3forAA0aB9Assistant_pSgSS_tFZ",
            "mangledName": "$s16DecouplingLabSDK0aB0C9assistant3forAA0aB9Assistant_pSgSS_tFZ",
            "moduleName": "DecouplingLabSDK",
            "static": true,
            "declAttributes": [
              "Final",
              "AccessControl"
            ],
            "funcSelfKind": "NonMutating"
          },
          {
            "kind": "Function",
            "name": "stop",
            "printedName": "stop()",
            "children": [
              {
                "kind": "TypeNominal",
                "name": "Void",
                "printedName": "()"
              }
            ],
            "declKind": "Func",
            "usr": "s:16DecouplingLabSDK0aB0C4stopyyFZ",
            "mangledName": "$s16DecouplingLabSDK0aB0C4stopyyFZ",
            "moduleName": "DecouplingLabSDK",
            "static": true,
            "declAttributes": [
              "Final",
              "AccessControl"
            ],
            "funcSelfKind": "NonMutating"
          },
          {
            "kind": "Var",
            "name": "allAssistantIdentifiers",
            "printedName": "allAssistantIdentifiers",
            "children": [
              {
                "kind": "TypeNominal",
                "name": "Array",
                "printedName": "[Swift.String]",
                "children": [
                  {
                    "kind": "TypeNominal",
                    "name": "String",
                    "printedName": "Swift.String",
                    "usr": "s:SS"
                  }
                ],
                "usr": "s:Sa"
              }
            ],
            "declKind": "Var",
            "usr": "s:16DecouplingLabSDK0aB0C23allAssistantIdentifiersSaySSGvpZ",
            "mangledName": "$s16DecouplingLabSDK0aB0C23allAssistantIdentifiersSaySSGvpZ",
            "moduleName": "DecouplingLabSDK",
            "static": true,
            "declAttributes": [
              "Final",
              "AccessControl"
            ],
            "accessors": [
              {
                "kind": "Accessor",
                "name": "Get",
                "printedName": "Get()",
                "children": [
                  {
                    "kind": "TypeNominal",
                    "name": "Array",
                    "printedName": "[Swift.String]",
                    "children": [
                      {
                        "kind": "TypeNominal",
                        "name": "String",
                        "printedName": "Swift.String",
                        "usr": "s:SS"
                      }
                    ],
                    "usr": "s:Sa"
                  }
                ],
                "declKind": "Accessor",
                "usr": "s:16DecouplingLabSDK0aB0C23allAssistantIdentifiersSaySSGvgZ",
                "mangledName": "$s16DecouplingLabSDK0aB0C23allAssistantIdentifiersSaySSGvgZ",
                "moduleName": "DecouplingLabSDK",
                "static": true,
                "declAttributes": [
                  "Final"
                ],
                "accessorKind": "get"
              }
            ]
          }
        ],
        "declKind": "Class",
        "usr": "s:16DecouplingLabSDK0aB0C",
        "mangledName": "$s16DecouplingLabSDK0aB0C",
        "moduleName": "DecouplingLabSDK",
        "declAttributes": [
          "AccessControl"
        ],
        "hasMissingDesignatedInitializers": true
      },
      {
        "kind": "Import",
        "name": "Foundation",
        "printedName": "Foundation",
        "declKind": "Import",
        "moduleName": "DecouplingLabSDK",
        "declAttributes": [
          "RawDocComment"
        ]
      },
      {
        "kind": "Import",
        "name": "Combine",
        "printedName": "Combine",
        "declKind": "Import",
        "moduleName": "DecouplingLabSDK"
      },
      {
        "kind": "Import",
        "name": "DLCoreSDK",
        "printedName": "DLCoreSDK",
        "declKind": "Import",
        "moduleName": "DecouplingLabSDK"
      },
      {
        "kind": "Import",
        "name": "Foundation",
        "printedName": "Foundation",
        "declKind": "Import",
        "moduleName": "DecouplingLabSDK",
        "declAttributes": [
          "RawDocComment"
        ]
      },
      {
        "kind": "Import",
        "name": "Combine",
        "printedName": "Combine",
        "declKind": "Import",
        "moduleName": "DecouplingLabSDK"
      },
      {
        "kind": "Import",
        "name": "DLCoreSDK",
        "printedName": "DLCoreSDK",
        "declKind": "Import",
        "moduleName": "DecouplingLabSDK"
      },
      {
        "kind": "TypeDecl",
        "name": "DecouplingLabAssistant",
        "printedName": "DecouplingLabAssistant",
        "children": [
          {
            "kind": "Function",
            "name": "startAssisting",
            "printedName": "startAssisting()",
            "children": [
              {
                "kind": "TypeNominal",
                "name": "Bool",
                "printedName": "Swift.Bool",
                "usr": "s:Sb"
              }
            ],
            "declKind": "Func",
            "usr": "s:16DecouplingLabSDK0aB9AssistantP14startAssistingSbyF",
            "mangledName": "$s16DecouplingLabSDK0aB9AssistantP14startAssistingSbyF",
            "moduleName": "DecouplingLabSDK",
            "genericSig": "<τ_0_0 where τ_0_0 : DecouplingLabSDK.DecouplingLabAssistant>",
            "sugared_genericSig": "<Self where Self : DecouplingLabSDK.DecouplingLabAssistant>",
            "protocolReq": true,
            "declAttributes": [
              "DiscardableResult"
            ],
            "reqNewWitnessTableEntry": true,
            "funcSelfKind": "NonMutating"
          },
          {
            "kind": "Function",
            "name": "stopAssisting",
            "printedName": "stopAssisting()",
            "children": [
              {
                "kind": "TypeNominal",
                "name": "Void",
                "printedName": "()"
              }
            ],
            "declKind": "Func",
            "usr": "s:16DecouplingLabSDK0aB9AssistantP13stopAssistingyyF",
            "mangledName": "$s16DecouplingLabSDK0aB9AssistantP13stopAssistingyyF",
            "moduleName": "DecouplingLabSDK",
            "genericSig": "<τ_0_0 where τ_0_0 : DecouplingLabSDK.DecouplingLabAssistant>",
            "sugared_genericSig": "<Self where Self : DecouplingLabSDK.DecouplingLabAssistant>",
            "protocolReq": true,
            "reqNewWitnessTableEntry": true,
            "funcSelfKind": "NonMutating"
          },
          {
            "kind": "Var",
            "name": "interactionItem",
            "printedName": "interactionItem",
            "children": [
              {
                "kind": "TypeNominal",
                "name": "AnyPublisher",
                "printedName": "Combine.AnyPublisher<DLCoreSDK.DLCoreInteractionItem?, Swift.Never>",
                "children": [
                  {
                    "kind": "TypeNominal",
                    "name": "Optional",
                    "printedName": "DLCoreSDK.DLCoreInteractionItem?",
                    "children": [
                      {
                        "kind": "TypeNominal",
                        "name": "DLCoreInteractionItem",
                        "printedName": "DLCoreSDK.DLCoreInteractionItem",
                        "usr": "s:9DLCoreSDK0A15InteractionItemP"
                      }
                    ],
                    "usr": "s:Sq"
                  },
                  {
                    "kind": "TypeNominal",
                    "name": "Never",
                    "printedName": "Swift.Never",
                    "usr": "s:s5NeverO"
                  }
                ],
                "usr": "s:7Combine12AnyPublisherV"
              }
            ],
            "declKind": "Var",
            "usr": "s:16DecouplingLabSDK0aB9AssistantP15interactionItem7Combine12AnyPublisherVy06DLCoreC00j11InteractionF0_pSgs5NeverOGvp",
            "mangledName": "$s16DecouplingLabSDK0aB9AssistantP15interactionItem7Combine12AnyPublisherVy06DLCoreC00j11InteractionF0_pSgs5NeverOGvp",
            "moduleName": "DecouplingLabSDK",
            "protocolReq": true,
            "accessors": [
              {
                "kind": "Accessor",
                "name": "Get",
                "printedName": "Get()",
                "children": [
                  {
                    "kind": "TypeNominal",
                    "name": "AnyPublisher",
                    "printedName": "Combine.AnyPublisher<DLCoreSDK.DLCoreInteractionItem?, Swift.Never>",
                    "children": [
                      {
                        "kind": "TypeNominal",
                        "name": "Optional",
                        "printedName": "DLCoreSDK.DLCoreInteractionItem?",
                        "children": [
                          {
                            "kind": "TypeNominal",
                            "name": "DLCoreInteractionItem",
                            "printedName": "DLCoreSDK.DLCoreInteractionItem",
                            "usr": "s:9DLCoreSDK0A15InteractionItemP"
                          }
                        ],
                        "usr": "s:Sq"
                      },
                      {
                        "kind": "TypeNominal",
                        "name": "Never",
                        "printedName": "Swift.Never",
                        "usr": "s:s5NeverO"
                      }
                    ],
                    "usr": "s:7Combine12AnyPublisherV"
                  }
                ],
                "declKind": "Accessor",
                "usr": "s:16DecouplingLabSDK0aB9AssistantP15interactionItem7Combine12AnyPublisherVy06DLCoreC00j11InteractionF0_pSgs5NeverOGvg",
                "mangledName": "$s16DecouplingLabSDK0aB9AssistantP15interactionItem7Combine12AnyPublisherVy06DLCoreC00j11InteractionF0_pSgs5NeverOGvg",
                "moduleName": "DecouplingLabSDK",
                "genericSig": "<τ_0_0 where τ_0_0 : DecouplingLabSDK.DecouplingLabAssistant>",
                "sugared_genericSig": "<Self where Self : DecouplingLabSDK.DecouplingLabAssistant>",
                "protocolReq": true,
                "reqNewWitnessTableEntry": true,
                "accessorKind": "get"
              }
            ]
          }
        ],
        "declKind": "Protocol",
        "usr": "s:16DecouplingLabSDK0aB9AssistantP",
        "mangledName": "$s16DecouplingLabSDK0aB9AssistantP",
        "moduleName": "DecouplingLabSDK",
        "declAttributes": [
          "AccessControl"
        ]
      },
      {
        "kind": "Import",
        "name": "Foundation",
        "printedName": "Foundation",
        "declKind": "Import",
        "moduleName": "DecouplingLabSDK",
        "declAttributes": [
          "RawDocComment"
        ]
      },
      {
        "kind": "Import",
        "name": "CocoaLumberjack",
        "printedName": "CocoaLumberjack",
        "declKind": "Import",
        "moduleName": "DecouplingLabSDK"
      }
    ],
    "json_format_version": 8
  },
  "ConstValues": [
    {
      "filePath": "\/Users\/developer\/Developer\/Sources\/lekarion.private\/Experiments\/Sources\/DecouplingLab\/DecouplingLabSDK\/DecouplingLabSDK\/DecouplingLab.swift",
      "kind": "StringLiteral",
      "offset": 2078,
      "length": 16,
      "value": "\"DecouplingLab:\""
    }
  ]
}