{
  "ABIRoot": {
    "kind": "Root",
    "name": "TopLevel",
    "printedName": "TopLevel",
    "children": [
      {
        "kind": "Import",
        "name": "Foundation",
        "printedName": "Foundation",
        "declKind": "Import",
        "moduleName": "DLAssistingSDK",
        "declAttributes": [
          "RawDocComment"
        ]
      },
      {
        "kind": "Import",
        "name": "CocoaLumberjack",
        "printedName": "CocoaLumberjack",
        "declKind": "Import",
        "moduleName": "DLAssistingSDK"
      },
      {
        "kind": "TypeDecl",
        "name": "DLAssistantInterface",
        "printedName": "DLAssistantInterface",
        "children": [
          {
            "kind": "Constructor",
            "name": "init",
            "printedName": "init(with:)",
            "children": [
              {
                "kind": "TypeNominal",
                "name": "GenericTypeParam",
                "printedName": "τ_0_0"
              },
              {
                "kind": "TypeNominal",
                "name": "String",
                "printedName": "Swift.String",
                "usr": "s:SS"
              }
            ],
            "declKind": "Constructor",
            "usr": "s:14DLAssistingSDK20DLAssistantInterfaceP4withxSS_tcfc",
            "mangledName": "$s14DLAssistingSDK20DLAssistantInterfaceP4withxSS_tcfc",
            "moduleName": "DLAssistingSDK",
            "genericSig": "<τ_0_0 where τ_0_0 : DLAssistingSDK.DLAssistantInterface>",
            "sugared_genericSig": "<Self where Self : DLAssistingSDK.DLAssistantInterface>",
            "protocolReq": true,
            "reqNewWitnessTableEntry": true,
            "init_kind": "Designated"
          },
          {
            "kind": "Var",
            "name": "identifier",
            "printedName": "identifier",
            "children": [
              {
                "kind": "TypeNominal",
                "name": "String",
                "printedName": "Swift.String",
                "usr": "s:SS"
              }
            ],
            "declKind": "Var",
            "usr": "s:14DLAssistingSDK20DLAssistantInterfaceP10identifierSSvp",
            "mangledName": "$s14DLAssistingSDK20DLAssistantInterfaceP10identifierSSvp",
            "moduleName": "DLAssistingSDK",
            "protocolReq": true,
            "accessors": [
              {
                "kind": "Accessor",
                "name": "Get",
                "printedName": "Get()",
                "children": [
                  {
                    "kind": "TypeNominal",
                    "name": "String",
                    "printedName": "Swift.String",
                    "usr": "s:SS"
                  }
                ],
                "declKind": "Accessor",
                "usr": "s:14DLAssistingSDK20DLAssistantInterfaceP10identifierSSvg",
                "mangledName": "$s14DLAssistingSDK20DLAssistantInterfaceP10identifierSSvg",
                "moduleName": "DLAssistingSDK",
                "genericSig": "<τ_0_0 where τ_0_0 : DLAssistingSDK.DLAssistantInterface>",
                "sugared_genericSig": "<Self where Self : DLAssistingSDK.DLAssistantInterface>",
                "protocolReq": true,
                "reqNewWitnessTableEntry": true,
                "accessorKind": "get"
              }
            ]
          },
          {
            "kind": "Function",
            "name": "start",
            "printedName": "start()",
            "children": [
              {
                "kind": "TypeNominal",
                "name": "Bool",
                "printedName": "Swift.Bool",
                "usr": "s:Sb"
              }
            ],
            "declKind": "Func",
            "usr": "s:14DLAssistingSDK20DLAssistantInterfaceP5startSbyF",
            "mangledName": "$s14DLAssistingSDK20DLAssistantInterfaceP5startSbyF",
            "moduleName": "DLAssistingSDK",
            "genericSig": "<τ_0_0 where τ_0_0 : DLAssistingSDK.DLAssistantInterface>",
            "sugared_genericSig": "<Self where Self : DLAssistingSDK.DLAssistantInterface>",
            "protocolReq": true,
            "reqNewWitnessTableEntry": true,
            "funcSelfKind": "NonMutating"
          },
          {
            "kind": "Function",
            "name": "stop",
            "printedName": "stop()",
            "children": [
              {
                "kind": "TypeNominal",
                "name": "Void",
                "printedName": "()"
              }
            ],
            "declKind": "Func",
            "usr": "s:14DLAssistingSDK20DLAssistantInterfaceP4stopyyF",
            "mangledName": "$s14DLAssistingSDK20DLAssistantInterfaceP4stopyyF",
            "moduleName": "DLAssistingSDK",
            "genericSig": "<τ_0_0 where τ_0_0 : DLAssistingSDK.DLAssistantInterface>",
            "sugared_genericSig": "<Self where Self : DLAssistingSDK.DLAssistantInterface>",
            "protocolReq": true,
            "reqNewWitnessTableEntry": true,
            "funcSelfKind": "NonMutating"
          },
          {
            "kind": "Var",
            "name": "interactionItem",
            "printedName": "interactionItem",
            "children": [
              {
                "kind": "TypeNominal",
                "name": "Optional",
                "printedName": "DLAssistingSDK.DLAssistantInteractionItem?",
                "children": [
                  {
                    "kind": "TypeNominal",
                    "name": "DLAssistantInteractionItem",
                    "printedName": "DLAssistingSDK.DLAssistantInteractionItem",
                    "usr": "s:14DLAssistingSDK26DLAssistantInteractionItemP"
                  }
                ],
                "usr": "s:Sq"
              }
            ],
            "declKind": "Var",
            "usr": "s:14DLAssistingSDK20DLAssistantInterfaceP15interactionItemAA0c11InteractionF0_pSgvp",
            "mangledName": "$s14DLAssistingSDK20DLAssistantInterfaceP15interactionItemAA0c11InteractionF0_pSgvp",
            "moduleName": "DLAssistingSDK",
            "protocolReq": true,
            "accessors": [
              {
                "kind": "Accessor",
                "name": "Get",
                "printedName": "Get()",
                "children": [
                  {
                    "kind": "TypeNominal",
                    "name": "Optional",
                    "printedName": "DLAssistingSDK.DLAssistantInteractionItem?",
                    "children": [
                      {
                        "kind": "TypeNominal",
                        "name": "DLAssistantInteractionItem",
                        "printedName": "DLAssistingSDK.DLAssistantInteractionItem",
                        "usr": "s:14DLAssistingSDK26DLAssistantInteractionItemP"
                      }
                    ],
                    "usr": "s:Sq"
                  }
                ],
                "declKind": "Accessor",
                "usr": "s:14DLAssistingSDK20DLAssistantInterfaceP15interactionItemAA0c11InteractionF0_pSgvg",
                "mangledName": "$s14DLAssistingSDK20DLAssistantInterfaceP15interactionItemAA0c11InteractionF0_pSgvg",
                "moduleName": "DLAssistingSDK",
                "genericSig": "<τ_0_0 where τ_0_0 : DLAssistingSDK.DLAssistantInterface>",
                "sugared_genericSig": "<Self where Self : DLAssistingSDK.DLAssistantInterface>",
                "protocolReq": true,
                "reqNewWitnessTableEntry": true,
                "accessorKind": "get"
              }
            ]
          },
          {
            "kind": "Var",
            "name": "interactionDelegate",
            "printedName": "interactionDelegate",
            "children": [
              {
                "kind": "TypeNominal",
                "name": "Optional",
                "printedName": "DLAssistingSDK.DLAssistantInteractionDelegate?",
                "children": [
                  {
                    "kind": "TypeNominal",
                    "name": "DLAssistantInteractionDelegate",
                    "printedName": "DLAssistingSDK.DLAssistantInteractionDelegate",
                    "usr": "s:14DLAssistingSDK30DLAssistantInteractionDelegateP"
                  }
                ],
                "usr": "s:Sq"
              }
            ],
            "declKind": "Var",
            "usr": "s:14DLAssistingSDK20DLAssistantInterfaceP19interactionDelegateAA0c11InteractionF0_pSgvp",
            "mangledName": "$s14DLAssistingSDK20DLAssistantInterfaceP19interactionDelegateAA0c11InteractionF0_pSgvp",
            "moduleName": "DLAssistingSDK",
            "protocolReq": true,
            "accessors": [
              {
                "kind": "Accessor",
                "name": "Get",
                "printedName": "Get()",
                "children": [
                  {
                    "kind": "TypeNominal",
                    "name": "Optional",
                    "printedName": "DLAssistingSDK.DLAssistantInteractionDelegate?",
                    "children": [
                      {
                        "kind": "TypeNominal",
                        "name": "DLAssistantInteractionDelegate",
                        "printedName": "DLAssistingSDK.DLAssistantInteractionDelegate",
                        "usr": "s:14DLAssistingSDK30DLAssistantInteractionDelegateP"
                      }
                    ],
                    "usr": "s:Sq"
                  }
                ],
                "declKind": "Accessor",
                "usr": "s:14DLAssistingSDK20DLAssistantInterfaceP19interactionDelegateAA0c11InteractionF0_pSgvg",
                "mangledName": "$s14DLAssistingSDK20DLAssistantInterfaceP19interactionDelegateAA0c11InteractionF0_pSgvg",
                "moduleName": "DLAssistingSDK",
                "genericSig": "<τ_0_0 where τ_0_0 : DLAssistingSDK.DLAssistantInterface>",
                "sugared_genericSig": "<Self where Self : DLAssistingSDK.DLAssistantInterface>",
                "protocolReq": true,
                "reqNewWitnessTableEntry": true,
                "accessorKind": "get"
              },
              {
                "kind": "Accessor",
                "name": "Set",
                "printedName": "Set()",
                "children": [
                  {
                    "kind": "TypeNominal",
                    "name": "Void",
                    "printedName": "()"
                  },
                  {
                    "kind": "TypeNominal",
                    "name": "Optional",
                    "printedName": "DLAssistingSDK.DLAssistantInteractionDelegate?",
                    "children": [
                      {
                        "kind": "TypeNominal",
                        "name": "DLAssistantInteractionDelegate",
                        "printedName": "DLAssistingSDK.DLAssistantInteractionDelegate",
                        "usr": "s:14DLAssistingSDK30DLAssistantInteractionDelegateP"
                      }
                    ],
                    "usr": "s:Sq"
                  }
                ],
                "declKind": "Accessor",
                "usr": "s:14DLAssistingSDK20DLAssistantInterfaceP19interactionDelegateAA0c11InteractionF0_pSgvs",
                "mangledName": "$s14DLAssistingSDK20DLAssistantInterfaceP19interactionDelegateAA0c11InteractionF0_pSgvs",
                "moduleName": "DLAssistingSDK",
                "genericSig": "<τ_0_0 where τ_0_0 : DLAssistingSDK.DLAssistantInterface>",
                "sugared_genericSig": "<Self where Self : DLAssistingSDK.DLAssistantInterface>",
                "protocolReq": true,
                "reqNewWitnessTableEntry": true,
                "accessorKind": "set"
              },
              {
                "kind": "Accessor",
                "name": "Modify",
                "printedName": "Modify()",
                "children": [
                  {
                    "kind": "TypeNominal",
                    "name": "Void",
                    "printedName": "()"
                  }
                ],
                "declKind": "Accessor",
                "usr": "s:14DLAssistingSDK20DLAssistantInterfaceP19interactionDelegateAA0c11InteractionF0_pSgvM",
                "mangledName": "$s14DLAssistingSDK20DLAssistantInterfaceP19interactionDelegateAA0c11InteractionF0_pSgvM",
                "moduleName": "DLAssistingSDK",
                "genericSig": "<τ_0_0 where τ_0_0 : DLAssistingSDK.DLAssistantInterface>",
                "sugared_genericSig": "<Self where Self : DLAssistingSDK.DLAssistantInterface>",
                "protocolReq": true,
                "implicit": true,
                "reqNewWitnessTableEntry": true,
                "accessorKind": "_modify"
              }
            ]
          }
        ],
        "declKind": "Protocol",
        "usr": "s:14DLAssistingSDK20DLAssistantInterfaceP",
        "mangledName": "$s14DLAssistingSDK20DLAssistantInterfaceP",
        "moduleName": "DLAssistingSDK",
        "genericSig": "<τ_0_0 : AnyObject>",
        "sugared_genericSig": "<Self : AnyObject>",
        "declAttributes": [
          "AccessControl"
        ]
      },
      {
        "kind": "TypeDecl",
        "name": "DLAssistantInteractionDelegate",
        "printedName": "DLAssistantInteractionDelegate",
        "children": [
          {
            "kind": "Function",
            "name": "assistantDidChangeInterractionItem",
            "printedName": "assistantDidChangeInterractionItem(_:)",
            "children": [
              {
                "kind": "TypeNominal",
                "name": "Void",
                "printedName": "()"
              },
              {
                "kind": "TypeNominal",
                "name": "DLAssistantInterface",
                "printedName": "DLAssistingSDK.DLAssistantInterface",
                "usr": "s:14DLAssistingSDK20DLAssistantInterfaceP"
              }
            ],
            "declKind": "Func",
            "usr": "s:14DLAssistingSDK30DLAssistantInteractionDelegateP34assistantDidChangeInterractionItemyyAA0C9Interface_pF",
            "mangledName": "$s14DLAssistingSDK30DLAssistantInteractionDelegateP34assistantDidChangeInterractionItemyyAA0C9Interface_pF",
            "moduleName": "DLAssistingSDK",
            "genericSig": "<τ_0_0 where τ_0_0 : DLAssistingSDK.DLAssistantInteractionDelegate>",
            "sugared_genericSig": "<Self where Self : DLAssistingSDK.DLAssistantInteractionDelegate>",
            "protocolReq": true,
            "reqNewWitnessTableEntry": true,
            "funcSelfKind": "NonMutating"
          }
        ],
        "declKind": "Protocol",
        "usr": "s:14DLAssistingSDK30DLAssistantInteractionDelegateP",
        "mangledName": "$s14DLAssistingSDK30DLAssistantInteractionDelegateP",
        "moduleName": "DLAssistingSDK",
        "genericSig": "<τ_0_0 : AnyObject>",
        "sugared_genericSig": "<Self : AnyObject>",
        "declAttributes": [
          "AccessControl"
        ]
      },
      {
        "kind": "Import",
        "name": "UIKit.UIImage",
        "printedName": "UIKit.UIImage",
        "declKind": "Import",
        "moduleName": "DLAssistingSDK",
        "declAttributes": [
          "RawDocComment"
        ]
      },
      {
        "kind": "TypeDecl",
        "name": "DLResourcesManagerRegistrar",
        "printedName": "DLResourcesManagerRegistrar",
        "children": [
          {
            "kind": "Function",
            "name": "register",
            "printedName": "register(resourcesManager:)",
            "children": [
              {
                "kind": "TypeNominal",
                "name": "Void",
                "printedName": "()"
              },
              {
                "kind": "TypeNominal",
                "name": "DLAssistantResourcesManager",
                "printedName": "DLAssistingSDK.DLAssistantResourcesManager",
                "usr": "s:14DLAssistingSDK27DLAssistantResourcesManagerP"
              }
            ],
            "declKind": "Func",
            "usr": "s:14DLAssistingSDK27DLResourcesManagerRegistrarP8register09resourcesD0yAA020DLAssistantResourcesD0_p_tF",
            "mangledName": "$s14DLAssistingSDK27DLResourcesManagerRegistrarP8register09resourcesD0yAA020DLAssistantResourcesD0_p_tF",
            "moduleName": "DLAssistingSDK",
            "genericSig": "<τ_0_0 where τ_0_0 : DLAssistingSDK.DLResourcesManagerRegistrar>",
            "sugared_genericSig": "<Self where Self : DLAssistingSDK.DLResourcesManagerRegistrar>",
            "protocolReq": true,
            "reqNewWitnessTableEntry": true,
            "funcSelfKind": "NonMutating"
          },
          {
            "kind": "Function",
            "name": "unregister",
            "printedName": "unregister(resourceManagerId:)",
            "children": [
              {
                "kind": "TypeNominal",
                "name": "Void",
                "printedName": "()"
              },
              {
                "kind": "TypeNominal",
                "name": "String",
                "printedName": "Swift.String",
                "usr": "s:SS"
              }
            ],
            "declKind": "Func",
            "usr": "s:14DLAssistingSDK27DLResourcesManagerRegistrarP10unregister08resourceD2IdySS_tF",
            "mangledName": "$s14DLAssistingSDK27DLResourcesManagerRegistrarP10unregister08resourceD2IdySS_tF",
            "moduleName": "DLAssistingSDK",
            "genericSig": "<τ_0_0 where τ_0_0 : DLAssistingSDK.DLResourcesManagerRegistrar>",
            "sugared_genericSig": "<Self where Self : DLAssistingSDK.DLResourcesManagerRegistrar>",
            "protocolReq": true,
            "reqNewWitnessTableEntry": true,
            "funcSelfKind": "NonMutating"
          }
        ],
        "declKind": "Protocol",
        "usr": "s:14DLAssistingSDK27DLResourcesManagerRegistrarP",
        "mangledName": "$s14DLAssistingSDK27DLResourcesManagerRegistrarP",
        "moduleName": "DLAssistingSDK",
        "genericSig": "<τ_0_0 : DLAssistingSDK.DLAssistingInterface>",
        "sugared_genericSig": "<Self : DLAssistingSDK.DLAssistingInterface>",
        "declAttributes": [
          "AccessControl"
        ],
        "conformances": [
          {
            "kind": "Conformance",
            "name": "DLAssistingInterface",
            "printedName": "DLAssistingInterface",
            "usr": "s:14DLAssistingSDK0A9InterfaceP",
            "mangledName": "$s14DLAssistingSDK0A9InterfaceP"
          }
        ]
      },
      {
        "kind": "TypeDecl",
        "name": "DLAssistantResourceId",
        "printedName": "DLAssistantResourceId",
        "children": [
          {
            "kind": "Var",
            "name": "identifier",
            "printedName": "identifier",
            "children": [
              {
                "kind": "TypeNominal",
                "name": "String",
                "printedName": "Swift.String",
                "usr": "s:SS"
              }
            ],
            "declKind": "Var",
            "usr": "s:14DLAssistingSDK21DLAssistantResourceIdP10identifierSSvp",
            "mangledName": "$s14DLAssistingSDK21DLAssistantResourceIdP10identifierSSvp",
            "moduleName": "DLAssistingSDK",
            "protocolReq": true,
            "accessors": [
              {
                "kind": "Accessor",
                "name": "Get",
                "printedName": "Get()",
                "children": [
                  {
                    "kind": "TypeNominal",
                    "name": "String",
                    "printedName": "Swift.String",
                    "usr": "s:SS"
                  }
                ],
                "declKind": "Accessor",
                "usr": "s:14DLAssistingSDK21DLAssistantResourceIdP10identifierSSvg",
                "mangledName": "$s14DLAssistingSDK21DLAssistantResourceIdP10identifierSSvg",
                "moduleName": "DLAssistingSDK",
                "genericSig": "<τ_0_0 where τ_0_0 : DLAssistingSDK.DLAssistantResourceId>",
                "sugared_genericSig": "<Self where Self : DLAssistingSDK.DLAssistantResourceId>",
                "protocolReq": true,
                "reqNewWitnessTableEntry": true,
                "accessorKind": "get"
              }
            ]
          }
        ],
        "declKind": "Protocol",
        "usr": "s:14DLAssistingSDK21DLAssistantResourceIdP",
        "mangledName": "$s14DLAssistingSDK21DLAssistantResourceIdP",
        "moduleName": "DLAssistingSDK",
        "declAttributes": [
          "AccessControl"
        ]
      },
      {
        "kind": "TypeDecl",
        "name": "DLAssistantResourcesManagerHelper",
        "printedName": "DLAssistantResourcesManagerHelper",
        "children": [
          {
            "kind": "Function",
            "name": "resourceId",
            "printedName": "resourceId(for:manager:)",
            "children": [
              {
                "kind": "TypeNominal",
                "name": "Optional",
                "printedName": "DLAssistingSDK.DLAssistantResourceId?",
                "children": [
                  {
                    "kind": "TypeNominal",
                    "name": "DLAssistantResourceId",
                    "printedName": "DLAssistingSDK.DLAssistantResourceId",
                    "usr": "s:14DLAssistingSDK21DLAssistantResourceIdP"
                  }
                ],
                "usr": "s:Sq"
              },
              {
                "kind": "TypeNominal",
                "name": "String",
                "printedName": "Swift.String",
                "usr": "s:SS"
              },
              {
                "kind": "TypeNominal",
                "name": "DLAssistantResourcesManager",
                "printedName": "DLAssistingSDK.DLAssistantResourcesManager",
                "usr": "s:14DLAssistingSDK27DLAssistantResourcesManagerP"
              }
            ],
            "declKind": "Func",
            "usr": "s:14DLAssistingSDK33DLAssistantResourcesManagerHelperP10resourceId3for7managerAA0c8ResourceH0_pSgSS_AA0cdE0_ptF",
            "mangledName": "$s14DLAssistingSDK33DLAssistantResourcesManagerHelperP10resourceId3for7managerAA0c8ResourceH0_pSgSS_AA0cdE0_ptF",
            "moduleName": "DLAssistingSDK",
            "genericSig": "<τ_0_0 where τ_0_0 : DLAssistingSDK.DLAssistantResourcesManagerHelper>",
            "sugared_genericSig": "<Self where Self : DLAssistingSDK.DLAssistantResourcesManagerHelper>",
            "protocolReq": true,
            "reqNewWitnessTableEntry": true,
            "funcSelfKind": "NonMutating"
          }
        ],
        "declKind": "Protocol",
        "usr": "s:14DLAssistingSDK33DLAssistantResourcesManagerHelperP",
        "mangledName": "$s14DLAssistingSDK33DLAssistantResourcesManagerHelperP",
        "moduleName": "DLAssistingSDK",
        "genericSig": "<τ_0_0 : AnyObject>",
        "sugared_genericSig": "<Self : AnyObject>",
        "declAttributes": [
          "AccessControl",
          "RawDocComment"
        ]
      },
      {
        "kind": "TypeDecl",
        "name": "DLAssistantResourcesManager",
        "printedName": "DLAssistantResourcesManager",
        "children": [
          {
            "kind": "Var",
            "name": "assistantId",
            "printedName": "assistantId",
            "children": [
              {
                "kind": "TypeNominal",
                "name": "String",
                "printedName": "Swift.String",
                "usr": "s:SS"
              }
            ],
            "declKind": "Var",
            "usr": "s:14DLAssistingSDK27DLAssistantResourcesManagerP11assistantIdSSvp",
            "mangledName": "$s14DLAssistingSDK27DLAssistantResourcesManagerP11assistantIdSSvp",
            "moduleName": "DLAssistingSDK",
            "protocolReq": true,
            "accessors": [
              {
                "kind": "Accessor",
                "name": "Get",
                "printedName": "Get()",
                "children": [
                  {
                    "kind": "TypeNominal",
                    "name": "String",
                    "printedName": "Swift.String",
                    "usr": "s:SS"
                  }
                ],
                "declKind": "Accessor",
                "usr": "s:14DLAssistingSDK27DLAssistantResourcesManagerP11assistantIdSSvg",
                "mangledName": "$s14DLAssistingSDK27DLAssistantResourcesManagerP11assistantIdSSvg",
                "moduleName": "DLAssistingSDK",
                "genericSig": "<τ_0_0 where τ_0_0 : DLAssistingSDK.DLAssistantResourcesManager>",
                "sugared_genericSig": "<Self where Self : DLAssistingSDK.DLAssistantResourcesManager>",
                "protocolReq": true,
                "reqNewWitnessTableEntry": true,
                "accessorKind": "get"
              }
            ]
          },
          {
            "kind": "Var",
            "name": "helper",
            "printedName": "helper",
            "children": [
              {
                "kind": "TypeNominal",
                "name": "Optional",
                "printedName": "DLAssistingSDK.DLAssistantResourcesManagerHelper?",
                "children": [
                  {
                    "kind": "TypeNominal",
                    "name": "DLAssistantResourcesManagerHelper",
                    "printedName": "DLAssistingSDK.DLAssistantResourcesManagerHelper",
                    "usr": "s:14DLAssistingSDK33DLAssistantResourcesManagerHelperP"
                  }
                ],
                "usr": "s:Sq"
              }
            ],
            "declKind": "Var",
            "usr": "s:14DLAssistingSDK27DLAssistantResourcesManagerP6helperAA0cdE6Helper_pSgvp",
            "mangledName": "$s14DLAssistingSDK27DLAssistantResourcesManagerP6helperAA0cdE6Helper_pSgvp",
            "moduleName": "DLAssistingSDK",
            "protocolReq": true,
            "accessors": [
              {
                "kind": "Accessor",
                "name": "Get",
                "printedName": "Get()",
                "children": [
                  {
                    "kind": "TypeNominal",
                    "name": "Optional",
                    "printedName": "DLAssistingSDK.DLAssistantResourcesManagerHelper?",
                    "children": [
                      {
                        "kind": "TypeNominal",
                        "name": "DLAssistantResourcesManagerHelper",
                        "printedName": "DLAssistingSDK.DLAssistantResourcesManagerHelper",
                        "usr": "s:14DLAssistingSDK33DLAssistantResourcesManagerHelperP"
                      }
                    ],
                    "usr": "s:Sq"
                  }
                ],
                "declKind": "Accessor",
                "usr": "s:14DLAssistingSDK27DLAssistantResourcesManagerP6helperAA0cdE6Helper_pSgvg",
                "mangledName": "$s14DLAssistingSDK27DLAssistantResourcesManagerP6helperAA0cdE6Helper_pSgvg",
                "moduleName": "DLAssistingSDK",
                "genericSig": "<τ_0_0 where τ_0_0 : DLAssistingSDK.DLAssistantResourcesManager>",
                "sugared_genericSig": "<Self where Self : DLAssistingSDK.DLAssistantResourcesManager>",
                "protocolReq": true,
                "reqNewWitnessTableEntry": true,
                "accessorKind": "get"
              },
              {
                "kind": "Accessor",
                "name": "Set",
                "printedName": "Set()",
                "children": [
                  {
                    "kind": "TypeNominal",
                    "name": "Void",
                    "printedName": "()"
                  },
                  {
                    "kind": "TypeNominal",
                    "name": "Optional",
                    "printedName": "DLAssistingSDK.DLAssistantResourcesManagerHelper?",
                    "children": [
                      {
                        "kind": "TypeNominal",
                        "name": "DLAssistantResourcesManagerHelper",
                        "printedName": "DLAssistingSDK.DLAssistantResourcesManagerHelper",
                        "usr": "s:14DLAssistingSDK33DLAssistantResourcesManagerHelperP"
                      }
                    ],
                    "usr": "s:Sq"
                  }
                ],
                "declKind": "Accessor",
                "usr": "s:14DLAssistingSDK27DLAssistantResourcesManagerP6helperAA0cdE6Helper_pSgvs",
                "mangledName": "$s14DLAssistingSDK27DLAssistantResourcesManagerP6helperAA0cdE6Helper_pSgvs",
                "moduleName": "DLAssistingSDK",
                "genericSig": "<τ_0_0 where τ_0_0 : DLAssistingSDK.DLAssistantResourcesManager>",
                "sugared_genericSig": "<Self where Self : DLAssistingSDK.DLAssistantResourcesManager>",
                "protocolReq": true,
                "reqNewWitnessTableEntry": true,
                "accessorKind": "set"
              },
              {
                "kind": "Accessor",
                "name": "Modify",
                "printedName": "Modify()",
                "children": [
                  {
                    "kind": "TypeNominal",
                    "name": "Void",
                    "printedName": "()"
                  }
                ],
                "declKind": "Accessor",
                "usr": "s:14DLAssistingSDK27DLAssistantResourcesManagerP6helperAA0cdE6Helper_pSgvM",
                "mangledName": "$s14DLAssistingSDK27DLAssistantResourcesManagerP6helperAA0cdE6Helper_pSgvM",
                "moduleName": "DLAssistingSDK",
                "genericSig": "<τ_0_0 where τ_0_0 : DLAssistingSDK.DLAssistantResourcesManager>",
                "sugared_genericSig": "<Self where Self : DLAssistingSDK.DLAssistantResourcesManager>",
                "protocolReq": true,
                "implicit": true,
                "reqNewWitnessTableEntry": true,
                "accessorKind": "_modify"
              }
            ]
          },
          {
            "kind": "Function",
            "name": "image",
            "printedName": "image(by:)",
            "children": [
              {
                "kind": "TypeNominal",
                "name": "Optional",
                "printedName": "UIKit.UIImage?",
                "children": [
                  {
                    "kind": "TypeNominal",
                    "name": "UIImage",
                    "printedName": "UIKit.UIImage",
                    "usr": "c:objc(cs)UIImage"
                  }
                ],
                "usr": "s:Sq"
              },
              {
                "kind": "TypeNominal",
                "name": "String",
                "printedName": "Swift.String",
                "usr": "s:SS"
              }
            ],
            "declKind": "Func",
            "usr": "s:14DLAssistingSDK27DLAssistantResourcesManagerP5image2bySo7UIImageCSgSS_tF",
            "mangledName": "$s14DLAssistingSDK27DLAssistantResourcesManagerP5image2bySo7UIImageCSgSS_tF",
            "moduleName": "DLAssistingSDK",
            "genericSig": "<τ_0_0 where τ_0_0 : DLAssistingSDK.DLAssistantResourcesManager>",
            "sugared_genericSig": "<Self where Self : DLAssistingSDK.DLAssistantResourcesManager>",
            "protocolReq": true,
            "reqNewWitnessTableEntry": true,
            "funcSelfKind": "NonMutating"
          }
        ],
        "declKind": "Protocol",
        "usr": "s:14DLAssistingSDK27DLAssistantResourcesManagerP",
        "mangledName": "$s14DLAssistingSDK27DLAssistantResourcesManagerP",
        "moduleName": "DLAssistingSDK",
        "genericSig": "<τ_0_0 : AnyObject>",
        "sugared_genericSig": "<Self : AnyObject>",
        "declAttributes": [
          "AccessControl"
        ]
      },
      {
        "kind": "Import",
        "name": "Foundation",
        "printedName": "Foundation",
        "declKind": "Import",
        "moduleName": "DLAssistingSDK",
        "declAttributes": [
          "RawDocComment"
        ]
      },
      {
        "kind": "Import",
        "name": "CocoaLumberjack",
        "printedName": "CocoaLumberjack",
        "declKind": "Import",
        "moduleName": "DLAssistingSDK"
      },
      {
        "kind": "TypeDecl",
        "name": "DLAssistantsRegistrar",
        "printedName": "DLAssistantsRegistrar",
        "children": [
          {
            "kind": "Function",
            "name": "assistant",
            "printedName": "assistant(for:)",
            "children": [
              {
                "kind": "TypeNominal",
                "name": "Optional",
                "printedName": "DLAssistingSDK.DLAssistantInterface?",
                "children": [
                  {
                    "kind": "TypeNominal",
                    "name": "DLAssistantInterface",
                    "printedName": "DLAssistingSDK.DLAssistantInterface",
                    "usr": "s:14DLAssistingSDK20DLAssistantInterfaceP"
                  }
                ],
                "usr": "s:Sq"
              },
              {
                "kind": "TypeNominal",
                "name": "String",
                "printedName": "Swift.String",
                "usr": "s:SS"
              }
            ],
            "declKind": "Func",
            "usr": "s:14DLAssistingSDK21DLAssistantsRegistrarP9assistant3forAA20DLAssistantInterface_pSgSS_tF",
            "mangledName": "$s14DLAssistingSDK21DLAssistantsRegistrarP9assistant3forAA20DLAssistantInterface_pSgSS_tF",
            "moduleName": "DLAssistingSDK",
            "genericSig": "<τ_0_0 where τ_0_0 : DLAssistingSDK.DLAssistantsRegistrar>",
            "sugared_genericSig": "<Self where Self : DLAssistingSDK.DLAssistantsRegistrar>",
            "protocolReq": true,
            "reqNewWitnessTableEntry": true,
            "funcSelfKind": "NonMutating"
          },
          {
            "kind": "Var",
            "name": "allIdentifiers",
            "printedName": "allIdentifiers",
            "children": [
              {
                "kind": "TypeNominal",
                "name": "Array",
                "printedName": "[Swift.String]",
                "children": [
                  {
                    "kind": "TypeNominal",
                    "name": "String",
                    "printedName": "Swift.String",
                    "usr": "s:SS"
                  }
                ],
                "usr": "s:Sa"
              }
            ],
            "declKind": "Var",
            "usr": "s:14DLAssistingSDK21DLAssistantsRegistrarP14allIdentifiersSaySSGvp",
            "mangledName": "$s14DLAssistingSDK21DLAssistantsRegistrarP14allIdentifiersSaySSGvp",
            "moduleName": "DLAssistingSDK",
            "protocolReq": true,
            "accessors": [
              {
                "kind": "Accessor",
                "name": "Get",
                "printedName": "Get()",
                "children": [
                  {
                    "kind": "TypeNominal",
                    "name": "Array",
                    "printedName": "[Swift.String]",
                    "children": [
                      {
                        "kind": "TypeNominal",
                        "name": "String",
                        "printedName": "Swift.String",
                        "usr": "s:SS"
                      }
                    ],
                    "usr": "s:Sa"
                  }
                ],
                "declKind": "Accessor",
                "usr": "s:14DLAssistingSDK21DLAssistantsRegistrarP14allIdentifiersSaySSGvg",
                "mangledName": "$s14DLAssistingSDK21DLAssistantsRegistrarP14allIdentifiersSaySSGvg",
                "moduleName": "DLAssistingSDK",
                "genericSig": "<τ_0_0 where τ_0_0 : DLAssistingSDK.DLAssistantsRegistrar>",
                "sugared_genericSig": "<Self where Self : DLAssistingSDK.DLAssistantsRegistrar>",
                "protocolReq": true,
                "reqNewWitnessTableEntry": true,
                "accessorKind": "get"
              }
            ]
          },
          {
            "kind": "Function",
            "name": "register",
            "printedName": "register(assistantName:interface:)",
            "children": [
              {
                "kind": "TypeNominal",
                "name": "Void",
                "printedName": "()"
              },
              {
                "kind": "TypeNominal",
                "name": "String",
                "printedName": "Swift.String",
                "usr": "s:SS"
              },
              {
                "kind": "TypeNominal",
                "name": "ExistentialMetatype",
                "printedName": "DLAssistingSDK.DLAssistantInterface.Type",
                "children": [
                  {
                    "kind": "TypeNominal",
                    "name": "DLAssistantInterface",
                    "printedName": "DLAssistingSDK.DLAssistantInterface",
                    "usr": "s:14DLAssistingSDK20DLAssistantInterfaceP"
                  }
                ]
              }
            ],
            "declKind": "Func",
            "usr": "s:14DLAssistingSDK21DLAssistantsRegistrarP8register13assistantName9interfaceySS_AA20DLAssistantInterface_pXptF",
            "mangledName": "$s14DLAssistingSDK21DLAssistantsRegistrarP8register13assistantName9interfaceySS_AA20DLAssistantInterface_pXptF",
            "moduleName": "DLAssistingSDK",
            "genericSig": "<τ_0_0 where τ_0_0 : DLAssistingSDK.DLAssistantsRegistrar>",
            "sugared_genericSig": "<Self where Self : DLAssistingSDK.DLAssistantsRegistrar>",
            "protocolReq": true,
            "reqNewWitnessTableEntry": true,
            "funcSelfKind": "NonMutating"
          },
          {
            "kind": "Function",
            "name": "unregister",
            "printedName": "unregister(assistantName:)",
            "children": [
              {
                "kind": "TypeNominal",
                "name": "Void",
                "printedName": "()"
              },
              {
                "kind": "TypeNominal",
                "name": "String",
                "printedName": "Swift.String",
                "usr": "s:SS"
              }
            ],
            "declKind": "Func",
            "usr": "s:14DLAssistingSDK21DLAssistantsRegistrarP10unregister13assistantNameySS_tF",
            "mangledName": "$s14DLAssistingSDK21DLAssistantsRegistrarP10unregister13assistantNameySS_tF",
            "moduleName": "DLAssistingSDK",
            "genericSig": "<τ_0_0 where τ_0_0 : DLAssistingSDK.DLAssistantsRegistrar>",
            "sugared_genericSig": "<Self where Self : DLAssistingSDK.DLAssistantsRegistrar>",
            "protocolReq": true,
            "reqNewWitnessTableEntry": true,
            "funcSelfKind": "NonMutating"
          }
        ],
        "declKind": "Protocol",
        "usr": "s:14DLAssistingSDK21DLAssistantsRegistrarP",
        "mangledName": "$s14DLAssistingSDK21DLAssistantsRegistrarP",
        "moduleName": "DLAssistingSDK",
        "genericSig": "<τ_0_0 : DLAssistingSDK.DLAssistingInterface>",
        "sugared_genericSig": "<Self : DLAssistingSDK.DLAssistingInterface>",
        "declAttributes": [
          "AccessControl"
        ],
        "conformances": [
          {
            "kind": "Conformance",
            "name": "DLAssistingInterface",
            "printedName": "DLAssistingInterface",
            "usr": "s:14DLAssistingSDK0A9InterfaceP",
            "mangledName": "$s14DLAssistingSDK0A9InterfaceP"
          }
        ]
      },
      {
        "kind": "Import",
        "name": "Foundation",
        "printedName": "Foundation",
        "declKind": "Import",
        "moduleName": "DLAssistingSDK",
        "declAttributes": [
          "RawDocComment"
        ]
      },
      {
        "kind": "Import",
        "name": "CocoaLumberjack",
        "printedName": "CocoaLumberjack",
        "declKind": "Import",
        "moduleName": "DLAssistingSDK"
      },
      {
        "kind": "TypeDecl",
        "name": "DLAssistingInterface",
        "printedName": "DLAssistingInterface",
        "declKind": "Protocol",
        "usr": "s:14DLAssistingSDK0A9InterfaceP",
        "mangledName": "$s14DLAssistingSDK0A9InterfaceP",
        "moduleName": "DLAssistingSDK",
        "declAttributes": [
          "AccessControl"
        ]
      },
      {
        "kind": "TypeDecl",
        "name": "DLAssisting",
        "printedName": "DLAssisting",
        "children": [
          {
            "kind": "Var",
            "name": "shared",
            "printedName": "shared",
            "children": [
              {
                "kind": "TypeNominal",
                "name": "DLAssisting",
                "printedName": "DLAssistingSDK.DLAssisting",
                "usr": "s:14DLAssistingSDK0A0C"
              }
            ],
            "declKind": "Var",
            "usr": "s:14DLAssistingSDK0A0C6sharedACvpZ",
            "mangledName": "$s14DLAssistingSDK0A0C6sharedACvpZ",
            "moduleName": "DLAssistingSDK",
            "static": true,
            "declAttributes": [
              "HasInitialValue",
              "Final",
              "HasStorage",
              "AccessControl"
            ],
            "isLet": true,
            "hasStorage": true,
            "accessors": [
              {
                "kind": "Accessor",
                "name": "Get",
                "printedName": "Get()",
                "children": [
                  {
                    "kind": "TypeNominal",
                    "name": "DLAssisting",
                    "printedName": "DLAssistingSDK.DLAssisting",
                    "usr": "s:14DLAssistingSDK0A0C"
                  }
                ],
                "declKind": "Accessor",
                "usr": "s:14DLAssistingSDK0A0C6sharedACvgZ",
                "mangledName": "$s14DLAssistingSDK0A0C6sharedACvgZ",
                "moduleName": "DLAssistingSDK",
                "static": true,
                "implicit": true,
                "declAttributes": [
                  "Final"
                ],
                "accessorKind": "get"
              }
            ]
          },
          {
            "kind": "Function",
            "name": "queryInterface",
            "printedName": "queryInterface(_:)",
            "children": [
              {
                "kind": "TypeNominal",
                "name": "Optional",
                "printedName": "τ_0_0?",
                "children": [
                  {
                    "kind": "TypeNominal",
                    "name": "GenericTypeParam",
                    "printedName": "τ_0_0"
                  }
                ],
                "usr": "s:Sq"
              },
              {
                "kind": "TypeNominal",
                "name": "Metatype",
                "printedName": "τ_0_0.Type",
                "children": [
                  {
                    "kind": "TypeNominal",
                    "name": "GenericTypeParam",
                    "printedName": "τ_0_0"
                  }
                ]
              }
            ],
            "declKind": "Func",
            "usr": "s:14DLAssistingSDK0A0C14queryInterfaceyxSgxmlF",
            "mangledName": "$s14DLAssistingSDK0A0C14queryInterfaceyxSgxmlF",
            "moduleName": "DLAssistingSDK",
            "genericSig": "<τ_0_0>",
            "sugared_genericSig": "<T>",
            "declAttributes": [
              "AccessControl"
            ],
            "funcSelfKind": "NonMutating"
          },
          {
            "kind": "Function",
            "name": "image",
            "printedName": "image(by:)",
            "children": [
              {
                "kind": "TypeNominal",
                "name": "Optional",
                "printedName": "UIKit.UIImage?",
                "children": [
                  {
                    "kind": "TypeNominal",
                    "name": "UIImage",
                    "printedName": "UIKit.UIImage",
                    "usr": "c:objc(cs)UIImage"
                  }
                ],
                "usr": "s:Sq"
              },
              {
                "kind": "TypeNominal",
                "name": "DLAssistantResourceId",
                "printedName": "DLAssistingSDK.DLAssistantResourceId",
                "usr": "s:14DLAssistingSDK21DLAssistantResourceIdP"
              }
            ],
            "declKind": "Func",
            "usr": "s:14DLAssistingSDK0A0C5image2bySo7UIImageCSgAA21DLAssistantResourceId_p_tF",
            "mangledName": "$s14DLAssistingSDK0A0C5image2bySo7UIImageCSgAA21DLAssistantResourceId_p_tF",
            "moduleName": "DLAssistingSDK",
            "declAttributes": [
              "AccessControl"
            ],
            "isFromExtension": true,
            "funcSelfKind": "NonMutating"
          }
        ],
        "declKind": "Class",
        "usr": "s:14DLAssistingSDK0A0C",
        "mangledName": "$s14DLAssistingSDK0A0C",
        "moduleName": "DLAssistingSDK",
        "declAttributes": [
          "AccessControl"
        ],
        "hasMissingDesignatedInitializers": true
      },
      {
        "kind": "Import",
        "name": "Foundation",
        "printedName": "Foundation",
        "declKind": "Import",
        "moduleName": "DLAssistingSDK",
        "declAttributes": [
          "RawDocComment"
        ]
      },
      {
        "kind": "TypeDecl",
        "name": "DLAssistantInteractionItem",
        "printedName": "DLAssistantInteractionItem",
        "children": [
          {
            "kind": "Var",
            "name": "identifier",
            "printedName": "identifier",
            "children": [
              {
                "kind": "TypeNominal",
                "name": "String",
                "printedName": "Swift.String",
                "usr": "s:SS"
              }
            ],
            "declKind": "Var",
            "usr": "s:14DLAssistingSDK26DLAssistantInteractionItemP10identifierSSvp",
            "mangledName": "$s14DLAssistingSDK26DLAssistantInteractionItemP10identifierSSvp",
            "moduleName": "DLAssistingSDK",
            "protocolReq": true,
            "accessors": [
              {
                "kind": "Accessor",
                "name": "Get",
                "printedName": "Get()",
                "children": [
                  {
                    "kind": "TypeNominal",
                    "name": "String",
                    "printedName": "Swift.String",
                    "usr": "s:SS"
                  }
                ],
                "declKind": "Accessor",
                "usr": "s:14DLAssistingSDK26DLAssistantInteractionItemP10identifierSSvg",
                "mangledName": "$s14DLAssistingSDK26DLAssistantInteractionItemP10identifierSSvg",
                "moduleName": "DLAssistingSDK",
                "genericSig": "<τ_0_0 where τ_0_0 : DLAssistingSDK.DLAssistantInteractionItem>",
                "sugared_genericSig": "<Self where Self : DLAssistingSDK.DLAssistantInteractionItem>",
                "protocolReq": true,
                "reqNewWitnessTableEntry": true,
                "accessorKind": "get"
              }
            ]
          }
        ],
        "declKind": "Protocol",
        "usr": "s:14DLAssistingSDK26DLAssistantInteractionItemP",
        "mangledName": "$s14DLAssistingSDK26DLAssistantInteractionItemP",
        "moduleName": "DLAssistingSDK",
        "genericSig": "<τ_0_0 : AnyObject>",
        "sugared_genericSig": "<Self : AnyObject>",
        "declAttributes": [
          "AccessControl"
        ]
      },
      {
        "kind": "TypeDecl",
        "name": "DLAssistantInfoInteractionItem",
        "printedName": "DLAssistantInfoInteractionItem",
        "children": [
          {
            "kind": "Var",
            "name": "text",
            "printedName": "text",
            "children": [
              {
                "kind": "TypeNominal",
                "name": "Optional",
                "printedName": "Swift.String?",
                "children": [
                  {
                    "kind": "TypeNominal",
                    "name": "String",
                    "printedName": "Swift.String",
                    "usr": "s:SS"
                  }
                ],
                "usr": "s:Sq"
              }
            ],
            "declKind": "Var",
            "usr": "s:14DLAssistingSDK30DLAssistantInfoInteractionItemP4textSSSgvp",
            "mangledName": "$s14DLAssistingSDK30DLAssistantInfoInteractionItemP4textSSSgvp",
            "moduleName": "DLAssistingSDK",
            "protocolReq": true,
            "accessors": [
              {
                "kind": "Accessor",
                "name": "Get",
                "printedName": "Get()",
                "children": [
                  {
                    "kind": "TypeNominal",
                    "name": "Optional",
                    "printedName": "Swift.String?",
                    "children": [
                      {
                        "kind": "TypeNominal",
                        "name": "String",
                        "printedName": "Swift.String",
                        "usr": "s:SS"
                      }
                    ],
                    "usr": "s:Sq"
                  }
                ],
                "declKind": "Accessor",
                "usr": "s:14DLAssistingSDK30DLAssistantInfoInteractionItemP4textSSSgvg",
                "mangledName": "$s14DLAssistingSDK30DLAssistantInfoInteractionItemP4textSSSgvg",
                "moduleName": "DLAssistingSDK",
                "genericSig": "<τ_0_0 where τ_0_0 : DLAssistingSDK.DLAssistantInfoInteractionItem>",
                "sugared_genericSig": "<Self where Self : DLAssistingSDK.DLAssistantInfoInteractionItem>",
                "protocolReq": true,
                "reqNewWitnessTableEntry": true,
                "accessorKind": "get"
              }
            ]
          },
          {
            "kind": "Var",
            "name": "imageId",
            "printedName": "imageId",
            "children": [
              {
                "kind": "TypeNominal",
                "name": "Optional",
                "printedName": "DLAssistingSDK.DLAssistantResourceId?",
                "children": [
                  {
                    "kind": "TypeNominal",
                    "name": "DLAssistantResourceId",
                    "printedName": "DLAssistingSDK.DLAssistantResourceId",
                    "usr": "s:14DLAssistingSDK21DLAssistantResourceIdP"
                  }
                ],
                "usr": "s:Sq"
              }
            ],
            "declKind": "Var",
            "usr": "s:14DLAssistingSDK30DLAssistantInfoInteractionItemP7imageIdAA0c8ResourceH0_pSgvp",
            "mangledName": "$s14DLAssistingSDK30DLAssistantInfoInteractionItemP7imageIdAA0c8ResourceH0_pSgvp",
            "moduleName": "DLAssistingSDK",
            "protocolReq": true,
            "accessors": [
              {
                "kind": "Accessor",
                "name": "Get",
                "printedName": "Get()",
                "children": [
                  {
                    "kind": "TypeNominal",
                    "name": "Optional",
                    "printedName": "DLAssistingSDK.DLAssistantResourceId?",
                    "children": [
                      {
                        "kind": "TypeNominal",
                        "name": "DLAssistantResourceId",
                        "printedName": "DLAssistingSDK.DLAssistantResourceId",
                        "usr": "s:14DLAssistingSDK21DLAssistantResourceIdP"
                      }
                    ],
                    "usr": "s:Sq"
                  }
                ],
                "declKind": "Accessor",
                "usr": "s:14DLAssistingSDK30DLAssistantInfoInteractionItemP7imageIdAA0c8ResourceH0_pSgvg",
                "mangledName": "$s14DLAssistingSDK30DLAssistantInfoInteractionItemP7imageIdAA0c8ResourceH0_pSgvg",
                "moduleName": "DLAssistingSDK",
                "genericSig": "<τ_0_0 where τ_0_0 : DLAssistingSDK.DLAssistantInfoInteractionItem>",
                "sugared_genericSig": "<Self where Self : DLAssistingSDK.DLAssistantInfoInteractionItem>",
                "protocolReq": true,
                "reqNewWitnessTableEntry": true,
                "accessorKind": "get"
              }
            ]
          },
          {
            "kind": "Var",
            "name": "otherData",
            "printedName": "otherData",
            "children": [
              {
                "kind": "TypeNominal",
                "name": "Optional",
                "printedName": "Foundation.Data?",
                "children": [
                  {
                    "kind": "TypeNominal",
                    "name": "Data",
                    "printedName": "Foundation.Data",
                    "usr": "s:10Foundation4DataV"
                  }
                ],
                "usr": "s:Sq"
              }
            ],
            "declKind": "Var",
            "usr": "s:14DLAssistingSDK30DLAssistantInfoInteractionItemP9otherData10Foundation0H0VSgvp",
            "mangledName": "$s14DLAssistingSDK30DLAssistantInfoInteractionItemP9otherData10Foundation0H0VSgvp",
            "moduleName": "DLAssistingSDK",
            "protocolReq": true,
            "accessors": [
              {
                "kind": "Accessor",
                "name": "Get",
                "printedName": "Get()",
                "children": [
                  {
                    "kind": "TypeNominal",
                    "name": "Optional",
                    "printedName": "Foundation.Data?",
                    "children": [
                      {
                        "kind": "TypeNominal",
                        "name": "Data",
                        "printedName": "Foundation.Data",
                        "usr": "s:10Foundation4DataV"
                      }
                    ],
                    "usr": "s:Sq"
                  }
                ],
                "declKind": "Accessor",
                "usr": "s:14DLAssistingSDK30DLAssistantInfoInteractionItemP9otherData10Foundation0H0VSgvg",
                "mangledName": "$s14DLAssistingSDK30DLAssistantInfoInteractionItemP9otherData10Foundation0H0VSgvg",
                "moduleName": "DLAssistingSDK",
                "genericSig": "<τ_0_0 where τ_0_0 : DLAssistingSDK.DLAssistantInfoInteractionItem>",
                "sugared_genericSig": "<Self where Self : DLAssistingSDK.DLAssistantInfoInteractionItem>",
                "protocolReq": true,
                "reqNewWitnessTableEntry": true,
                "accessorKind": "get"
              }
            ]
          }
        ],
        "declKind": "Protocol",
        "usr": "s:14DLAssistingSDK30DLAssistantInfoInteractionItemP",
        "mangledName": "$s14DLAssistingSDK30DLAssistantInfoInteractionItemP",
        "moduleName": "DLAssistingSDK",
        "genericSig": "<τ_0_0 : DLAssistingSDK.DLAssistantInteractionItem>",
        "sugared_genericSig": "<Self : DLAssistingSDK.DLAssistantInteractionItem>",
        "declAttributes": [
          "AccessControl"
        ],
        "conformances": [
          {
            "kind": "Conformance",
            "name": "DLAssistantInteractionItem",
            "printedName": "DLAssistantInteractionItem",
            "usr": "s:14DLAssistingSDK26DLAssistantInteractionItemP",
            "mangledName": "$s14DLAssistingSDK26DLAssistantInteractionItemP"
          }
        ]
      },
      {
        "kind": "TypeDecl",
        "name": "DLAssistantActionInteractionItem",
        "printedName": "DLAssistantActionInteractionItem",
        "children": [
          {
            "kind": "Var",
            "name": "iconId",
            "printedName": "iconId",
            "children": [
              {
                "kind": "TypeNominal",
                "name": "Optional",
                "printedName": "DLAssistingSDK.DLAssistantResourceId?",
                "children": [
                  {
                    "kind": "TypeNominal",
                    "name": "DLAssistantResourceId",
                    "printedName": "DLAssistingSDK.DLAssistantResourceId",
                    "usr": "s:14DLAssistingSDK21DLAssistantResourceIdP"
                  }
                ],
                "usr": "s:Sq"
              }
            ],
            "declKind": "Var",
            "usr": "s:14DLAssistingSDK32DLAssistantActionInteractionItemP6iconIdAA0c8ResourceH0_pSgvp",
            "mangledName": "$s14DLAssistingSDK32DLAssistantActionInteractionItemP6iconIdAA0c8ResourceH0_pSgvp",
            "moduleName": "DLAssistingSDK",
            "protocolReq": true,
            "accessors": [
              {
                "kind": "Accessor",
                "name": "Get",
                "printedName": "Get()",
                "children": [
                  {
                    "kind": "TypeNominal",
                    "name": "Optional",
                    "printedName": "DLAssistingSDK.DLAssistantResourceId?",
                    "children": [
                      {
                        "kind": "TypeNominal",
                        "name": "DLAssistantResourceId",
                        "printedName": "DLAssistingSDK.DLAssistantResourceId",
                        "usr": "s:14DLAssistingSDK21DLAssistantResourceIdP"
                      }
                    ],
                    "usr": "s:Sq"
                  }
                ],
                "declKind": "Accessor",
                "usr": "s:14DLAssistingSDK32DLAssistantActionInteractionItemP6iconIdAA0c8ResourceH0_pSgvg",
                "mangledName": "$s14DLAssistingSDK32DLAssistantActionInteractionItemP6iconIdAA0c8ResourceH0_pSgvg",
                "moduleName": "DLAssistingSDK",
                "genericSig": "<τ_0_0 where τ_0_0 : DLAssistingSDK.DLAssistantActionInteractionItem>",
                "sugared_genericSig": "<Self where Self : DLAssistingSDK.DLAssistantActionInteractionItem>",
                "protocolReq": true,
                "reqNewWitnessTableEntry": true,
                "accessorKind": "get"
              }
            ]
          },
          {
            "kind": "Var",
            "name": "actions",
            "printedName": "actions",
            "children": [
              {
                "kind": "TypeNominal",
                "name": "Array",
                "printedName": "[DLAssistingSDK.DLAssistantAction]",
                "children": [
                  {
                    "kind": "TypeNominal",
                    "name": "DLAssistantAction",
                    "printedName": "DLAssistingSDK.DLAssistantAction",
                    "usr": "s:14DLAssistingSDK17DLAssistantActionP"
                  }
                ],
                "usr": "s:Sa"
              }
            ],
            "declKind": "Var",
            "usr": "s:14DLAssistingSDK32DLAssistantActionInteractionItemP7actionsSayAA0cD0_pGvp",
            "mangledName": "$s14DLAssistingSDK32DLAssistantActionInteractionItemP7actionsSayAA0cD0_pGvp",
            "moduleName": "DLAssistingSDK",
            "protocolReq": true,
            "accessors": [
              {
                "kind": "Accessor",
                "name": "Get",
                "printedName": "Get()",
                "children": [
                  {
                    "kind": "TypeNominal",
                    "name": "Array",
                    "printedName": "[DLAssistingSDK.DLAssistantAction]",
                    "children": [
                      {
                        "kind": "TypeNominal",
                        "name": "DLAssistantAction",
                        "printedName": "DLAssistingSDK.DLAssistantAction",
                        "usr": "s:14DLAssistingSDK17DLAssistantActionP"
                      }
                    ],
                    "usr": "s:Sa"
                  }
                ],
                "declKind": "Accessor",
                "usr": "s:14DLAssistingSDK32DLAssistantActionInteractionItemP7actionsSayAA0cD0_pGvg",
                "mangledName": "$s14DLAssistingSDK32DLAssistantActionInteractionItemP7actionsSayAA0cD0_pGvg",
                "moduleName": "DLAssistingSDK",
                "genericSig": "<τ_0_0 where τ_0_0 : DLAssistingSDK.DLAssistantActionInteractionItem>",
                "sugared_genericSig": "<Self where Self : DLAssistingSDK.DLAssistantActionInteractionItem>",
                "protocolReq": true,
                "reqNewWitnessTableEntry": true,
                "accessorKind": "get"
              }
            ]
          }
        ],
        "declKind": "Protocol",
        "usr": "s:14DLAssistingSDK32DLAssistantActionInteractionItemP",
        "mangledName": "$s14DLAssistingSDK32DLAssistantActionInteractionItemP",
        "moduleName": "DLAssistingSDK",
        "genericSig": "<τ_0_0 : DLAssistingSDK.DLAssistantInteractionItem>",
        "sugared_genericSig": "<Self : DLAssistingSDK.DLAssistantInteractionItem>",
        "declAttributes": [
          "AccessControl"
        ],
        "conformances": [
          {
            "kind": "Conformance",
            "name": "DLAssistantInteractionItem",
            "printedName": "DLAssistantInteractionItem",
            "usr": "s:14DLAssistingSDK26DLAssistantInteractionItemP",
            "mangledName": "$s14DLAssistingSDK26DLAssistantInteractionItemP"
          }
        ]
      },
      {
        "kind": "TypeDecl",
        "name": "DLAssistantUnionInteractionItem",
        "printedName": "DLAssistantUnionInteractionItem",
        "children": [
          {
            "kind": "Var",
            "name": "subItems",
            "printedName": "subItems",
            "children": [
              {
                "kind": "TypeNominal",
                "name": "Array",
                "printedName": "[DLAssistingSDK.DLAssistantInteractionItem]",
                "children": [
                  {
                    "kind": "TypeNominal",
                    "name": "DLAssistantInteractionItem",
                    "printedName": "DLAssistingSDK.DLAssistantInteractionItem",
                    "usr": "s:14DLAssistingSDK26DLAssistantInteractionItemP"
                  }
                ],
                "usr": "s:Sa"
              }
            ],
            "declKind": "Var",
            "usr": "s:14DLAssistingSDK31DLAssistantUnionInteractionItemP8subItemsSayAA0ceF0_pGvp",
            "mangledName": "$s14DLAssistingSDK31DLAssistantUnionInteractionItemP8subItemsSayAA0ceF0_pGvp",
            "moduleName": "DLAssistingSDK",
            "protocolReq": true,
            "accessors": [
              {
                "kind": "Accessor",
                "name": "Get",
                "printedName": "Get()",
                "children": [
                  {
                    "kind": "TypeNominal",
                    "name": "Array",
                    "printedName": "[DLAssistingSDK.DLAssistantInteractionItem]",
                    "children": [
                      {
                        "kind": "TypeNominal",
                        "name": "DLAssistantInteractionItem",
                        "printedName": "DLAssistingSDK.DLAssistantInteractionItem",
                        "usr": "s:14DLAssistingSDK26DLAssistantInteractionItemP"
                      }
                    ],
                    "usr": "s:Sa"
                  }
                ],
                "declKind": "Accessor",
                "usr": "s:14DLAssistingSDK31DLAssistantUnionInteractionItemP8subItemsSayAA0ceF0_pGvg",
                "mangledName": "$s14DLAssistingSDK31DLAssistantUnionInteractionItemP8subItemsSayAA0ceF0_pGvg",
                "moduleName": "DLAssistingSDK",
                "genericSig": "<τ_0_0 where τ_0_0 : DLAssistingSDK.DLAssistantUnionInteractionItem>",
                "sugared_genericSig": "<Self where Self : DLAssistingSDK.DLAssistantUnionInteractionItem>",
                "protocolReq": true,
                "reqNewWitnessTableEntry": true,
                "accessorKind": "get"
              }
            ]
          }
        ],
        "declKind": "Protocol",
        "usr": "s:14DLAssistingSDK31DLAssistantUnionInteractionItemP",
        "mangledName": "$s14DLAssistingSDK31DLAssistantUnionInteractionItemP",
        "moduleName": "DLAssistingSDK",
        "genericSig": "<τ_0_0 : DLAssistingSDK.DLAssistantInteractionItem>",
        "sugared_genericSig": "<Self : DLAssistingSDK.DLAssistantInteractionItem>",
        "declAttributes": [
          "AccessControl"
        ],
        "conformances": [
          {
            "kind": "Conformance",
            "name": "DLAssistantInteractionItem",
            "printedName": "DLAssistantInteractionItem",
            "usr": "s:14DLAssistingSDK26DLAssistantInteractionItemP",
            "mangledName": "$s14DLAssistingSDK26DLAssistantInteractionItemP"
          }
        ]
      },
      {
        "kind": "TypeDecl",
        "name": "DLAssistantAction",
        "printedName": "DLAssistantAction",
        "children": [
          {
            "kind": "Var",
            "name": "title",
            "printedName": "title",
            "children": [
              {
                "kind": "TypeNominal",
                "name": "String",
                "printedName": "Swift.String",
                "usr": "s:SS"
              }
            ],
            "declKind": "Var",
            "usr": "s:14DLAssistingSDK17DLAssistantActionP5titleSSvp",
            "mangledName": "$s14DLAssistingSDK17DLAssistantActionP5titleSSvp",
            "moduleName": "DLAssistingSDK",
            "protocolReq": true,
            "accessors": [
              {
                "kind": "Accessor",
                "name": "Get",
                "printedName": "Get()",
                "children": [
                  {
                    "kind": "TypeNominal",
                    "name": "String",
                    "printedName": "Swift.String",
                    "usr": "s:SS"
                  }
                ],
                "declKind": "Accessor",
                "usr": "s:14DLAssistingSDK17DLAssistantActionP5titleSSvg",
                "mangledName": "$s14DLAssistingSDK17DLAssistantActionP5titleSSvg",
                "moduleName": "DLAssistingSDK",
                "genericSig": "<τ_0_0 where τ_0_0 : DLAssistingSDK.DLAssistantAction>",
                "sugared_genericSig": "<Self where Self : DLAssistingSDK.DLAssistantAction>",
                "protocolReq": true,
                "reqNewWitnessTableEntry": true,
                "accessorKind": "get"
              }
            ]
          },
          {
            "kind": "Var",
            "name": "iconId",
            "printedName": "iconId",
            "children": [
              {
                "kind": "TypeNominal",
                "name": "Optional",
                "printedName": "DLAssistingSDK.DLAssistantResourceId?",
                "children": [
                  {
                    "kind": "TypeNominal",
                    "name": "DLAssistantResourceId",
                    "printedName": "DLAssistingSDK.DLAssistantResourceId",
                    "usr": "s:14DLAssistingSDK21DLAssistantResourceIdP"
                  }
                ],
                "usr": "s:Sq"
              }
            ],
            "declKind": "Var",
            "usr": "s:14DLAssistingSDK17DLAssistantActionP6iconIdAA0c8ResourceF0_pSgvp",
            "mangledName": "$s14DLAssistingSDK17DLAssistantActionP6iconIdAA0c8ResourceF0_pSgvp",
            "moduleName": "DLAssistingSDK",
            "protocolReq": true,
            "accessors": [
              {
                "kind": "Accessor",
                "name": "Get",
                "printedName": "Get()",
                "children": [
                  {
                    "kind": "TypeNominal",
                    "name": "Optional",
                    "printedName": "DLAssistingSDK.DLAssistantResourceId?",
                    "children": [
                      {
                        "kind": "TypeNominal",
                        "name": "DLAssistantResourceId",
                        "printedName": "DLAssistingSDK.DLAssistantResourceId",
                        "usr": "s:14DLAssistingSDK21DLAssistantResourceIdP"
                      }
                    ],
                    "usr": "s:Sq"
                  }
                ],
                "declKind": "Accessor",
                "usr": "s:14DLAssistingSDK17DLAssistantActionP6iconIdAA0c8ResourceF0_pSgvg",
                "mangledName": "$s14DLAssistingSDK17DLAssistantActionP6iconIdAA0c8ResourceF0_pSgvg",
                "moduleName": "DLAssistingSDK",
                "genericSig": "<τ_0_0 where τ_0_0 : DLAssistingSDK.DLAssistantAction>",
                "sugared_genericSig": "<Self where Self : DLAssistingSDK.DLAssistantAction>",
                "protocolReq": true,
                "reqNewWitnessTableEntry": true,
                "accessorKind": "get"
              }
            ]
          },
          {
            "kind": "Function",
            "name": "perform",
            "printedName": "perform()",
            "children": [
              {
                "kind": "TypeNominal",
                "name": "Void",
                "printedName": "()"
              }
            ],
            "declKind": "Func",
            "usr": "s:14DLAssistingSDK17DLAssistantActionP7performyyF",
            "mangledName": "$s14DLAssistingSDK17DLAssistantActionP7performyyF",
            "moduleName": "DLAssistingSDK",
            "genericSig": "<τ_0_0 where τ_0_0 : DLAssistingSDK.DLAssistantAction>",
            "sugared_genericSig": "<Self where Self : DLAssistingSDK.DLAssistantAction>",
            "protocolReq": true,
            "reqNewWitnessTableEntry": true,
            "funcSelfKind": "NonMutating"
          }
        ],
        "declKind": "Protocol",
        "usr": "s:14DLAssistingSDK17DLAssistantActionP",
        "mangledName": "$s14DLAssistingSDK17DLAssistantActionP",
        "moduleName": "DLAssistingSDK",
        "declAttributes": [
          "AccessControl",
          "RawDocComment"
        ]
      },
      {
        "kind": "Import",
        "name": "Foundation",
        "printedName": "Foundation",
        "declKind": "Import",
        "moduleName": "DLAssistingSDK",
        "declAttributes": [
          "RawDocComment"
        ]
      },
      {
        "kind": "Import",
        "name": "CocoaLumberjack",
        "printedName": "CocoaLumberjack",
        "declKind": "Import",
        "moduleName": "DLAssistingSDK"
      }
    ],
    "json_format_version": 8
  },
  "ConstValues": []
}