{
  "ABIRoot": {
    "kind": "Root",
    "name": "TopLevel",
    "printedName": "TopLevel",
    "children": [
      {
        "kind": "Import",
        "name": "Foundation",
        "printedName": "Foundation",
        "declKind": "Import",
        "moduleName": "DLAssistingSDK",
        "declAttributes": [
          "RawDocComment"
        ]
      },
      {
        "kind": "Import",
        "name": "CocoaLumberjack",
        "printedName": "CocoaLumberjack",
        "declKind": "Import",
        "moduleName": "DLAssistingSDK"
      },
      {
        "kind": "TypeDecl",
        "name": "DLAssistantInterface",
        "printedName": "DLAssistantInterface",
        "children": [
          {
            "kind": "Var",
            "name": "identifier",
            "printedName": "identifier",
            "children": [
              {
                "kind": "TypeNominal",
                "name": "String",
                "printedName": "Swift.String",
                "usr": "s:SS"
              }
            ],
            "declKind": "Var",
            "usr": "s:14DLAssistingSDK20DLAssistantInterfaceP10identifierSSvp",
            "mangledName": "$s14DLAssistingSDK20DLAssistantInterfaceP10identifierSSvp",
            "moduleName": "DLAssistingSDK",
            "protocolReq": true,
            "accessors": [
              {
                "kind": "Accessor",
                "name": "Get",
                "printedName": "Get()",
                "children": [
                  {
                    "kind": "TypeNominal",
                    "name": "String",
                    "printedName": "Swift.String",
                    "usr": "s:SS"
                  }
                ],
                "declKind": "Accessor",
                "usr": "s:14DLAssistingSDK20DLAssistantInterfaceP10identifierSSvg",
                "mangledName": "$s14DLAssistingSDK20DLAssistantInterfaceP10identifierSSvg",
                "moduleName": "DLAssistingSDK",
                "genericSig": "<τ_0_0 where τ_0_0 : DLAssistingSDK.DLAssistantInterface>",
                "sugared_genericSig": "<Self where Self : DLAssistingSDK.DLAssistantInterface>",
                "protocolReq": true,
                "reqNewWitnessTableEntry": true,
                "accessorKind": "get"
              }
            ]
          },
          {
            "kind": "Function",
            "name": "start",
            "printedName": "start()",
            "children": [
              {
                "kind": "TypeNominal",
                "name": "Bool",
                "printedName": "Swift.Bool",
                "usr": "s:Sb"
              }
            ],
            "declKind": "Func",
            "usr": "s:14DLAssistingSDK20DLAssistantInterfaceP5startSbyF",
            "mangledName": "$s14DLAssistingSDK20DLAssistantInterfaceP5startSbyF",
            "moduleName": "DLAssistingSDK",
            "genericSig": "<τ_0_0 where τ_0_0 : DLAssistingSDK.DLAssistantInterface>",
            "sugared_genericSig": "<Self where Self : DLAssistingSDK.DLAssistantInterface>",
            "protocolReq": true,
            "reqNewWitnessTableEntry": true,
            "funcSelfKind": "NonMutating"
          },
          {
            "kind": "Function",
            "name": "stop",
            "printedName": "stop()",
            "children": [
              {
                "kind": "TypeNominal",
                "name": "Void",
                "printedName": "()"
              }
            ],
            "declKind": "Func",
            "usr": "s:14DLAssistingSDK20DLAssistantInterfaceP4stopyyF",
            "mangledName": "$s14DLAssistingSDK20DLAssistantInterfaceP4stopyyF",
            "moduleName": "DLAssistingSDK",
            "genericSig": "<τ_0_0 where τ_0_0 : DLAssistingSDK.DLAssistantInterface>",
            "sugared_genericSig": "<Self where Self : DLAssistingSDK.DLAssistantInterface>",
            "protocolReq": true,
            "reqNewWitnessTableEntry": true,
            "funcSelfKind": "NonMutating"
          },
          {
            "kind": "Var",
            "name": "interactionItem",
            "printedName": "interactionItem",
            "children": [
              {
                "kind": "TypeNominal",
                "name": "Optional",
                "printedName": "DLAssistingSDK.DLAssistantInteractionItem?",
                "children": [
                  {
                    "kind": "TypeNominal",
                    "name": "DLAssistantInteractionItem",
                    "printedName": "DLAssistingSDK.DLAssistantInteractionItem",
                    "usr": "s:14DLAssistingSDK26DLAssistantInteractionItemP"
                  }
                ],
                "usr": "s:Sq"
              }
            ],
            "declKind": "Var",
            "usr": "s:14DLAssistingSDK20DLAssistantInterfaceP15interactionItemAA0c11InteractionF0_pSgvp",
            "mangledName": "$s14DLAssistingSDK20DLAssistantInterfaceP15interactionItemAA0c11InteractionF0_pSgvp",
            "moduleName": "DLAssistingSDK",
            "protocolReq": true,
            "accessors": [
              {
                "kind": "Accessor",
                "name": "Get",
                "printedName": "Get()",
                "children": [
                  {
                    "kind": "TypeNominal",
                    "name": "Optional",
                    "printedName": "DLAssistingSDK.DLAssistantInteractionItem?",
                    "children": [
                      {
                        "kind": "TypeNominal",
                        "name": "DLAssistantInteractionItem",
                        "printedName": "DLAssistingSDK.DLAssistantInteractionItem",
                        "usr": "s:14DLAssistingSDK26DLAssistantInteractionItemP"
                      }
                    ],
                    "usr": "s:Sq"
                  }
                ],
                "declKind": "Accessor",
                "usr": "s:14DLAssistingSDK20DLAssistantInterfaceP15interactionItemAA0c11InteractionF0_pSgvg",
                "mangledName": "$s14DLAssistingSDK20DLAssistantInterfaceP15interactionItemAA0c11InteractionF0_pSgvg",
                "moduleName": "DLAssistingSDK",
                "genericSig": "<τ_0_0 where τ_0_0 : DLAssistingSDK.DLAssistantInterface>",
                "sugared_genericSig": "<Self where Self : DLAssistingSDK.DLAssistantInterface>",
                "protocolReq": true,
                "reqNewWitnessTableEntry": true,
                "accessorKind": "get"
              }
            ]
          },
          {
            "kind": "Var",
            "name": "interactionDelegate",
            "printedName": "interactionDelegate",
            "children": [
              {
                "kind": "TypeNominal",
                "name": "Optional",
                "printedName": "DLAssistingSDK.DLAssistantInteractionDelegate?",
                "children": [
                  {
                    "kind": "TypeNominal",
                    "name": "DLAssistantInteractionDelegate",
                    "printedName": "DLAssistingSDK.DLAssistantInteractionDelegate",
                    "usr": "s:14DLAssistingSDK30DLAssistantInteractionDelegateP"
                  }
                ],
                "usr": "s:Sq"
              }
            ],
            "declKind": "Var",
            "usr": "s:14DLAssistingSDK20DLAssistantInterfaceP19interactionDelegateAA0c11InteractionF0_pSgvp",
            "mangledName": "$s14DLAssistingSDK20DLAssistantInterfaceP19interactionDelegateAA0c11InteractionF0_pSgvp",
            "moduleName": "DLAssistingSDK",
            "protocolReq": true,
            "accessors": [
              {
                "kind": "Accessor",
                "name": "Get",
                "printedName": "Get()",
                "children": [
                  {
                    "kind": "TypeNominal",
                    "name": "Optional",
                    "printedName": "DLAssistingSDK.DLAssistantInteractionDelegate?",
                    "children": [
                      {
                        "kind": "TypeNominal",
                        "name": "DLAssistantInteractionDelegate",
                        "printedName": "DLAssistingSDK.DLAssistantInteractionDelegate",
                        "usr": "s:14DLAssistingSDK30DLAssistantInteractionDelegateP"
                      }
                    ],
                    "usr": "s:Sq"
                  }
                ],
                "declKind": "Accessor",
                "usr": "s:14DLAssistingSDK20DLAssistantInterfaceP19interactionDelegateAA0c11InteractionF0_pSgvg",
                "mangledName": "$s14DLAssistingSDK20DLAssistantInterfaceP19interactionDelegateAA0c11InteractionF0_pSgvg",
                "moduleName": "DLAssistingSDK",
                "genericSig": "<τ_0_0 where τ_0_0 : DLAssistingSDK.DLAssistantInterface>",
                "sugared_genericSig": "<Self where Self : DLAssistingSDK.DLAssistantInterface>",
                "protocolReq": true,
                "reqNewWitnessTableEntry": true,
                "accessorKind": "get"
              },
              {
                "kind": "Accessor",
                "name": "Set",
                "printedName": "Set()",
                "children": [
                  {
                    "kind": "TypeNominal",
                    "name": "Void",
                    "printedName": "()"
                  },
                  {
                    "kind": "TypeNominal",
                    "name": "Optional",
                    "printedName": "DLAssistingSDK.DLAssistantInteractionDelegate?",
                    "children": [
                      {
                        "kind": "TypeNominal",
                        "name": "DLAssistantInteractionDelegate",
                        "printedName": "DLAssistingSDK.DLAssistantInteractionDelegate",
                        "usr": "s:14DLAssistingSDK30DLAssistantInteractionDelegateP"
                      }
                    ],
                    "usr": "s:Sq"
                  }
                ],
                "declKind": "Accessor",
                "usr": "s:14DLAssistingSDK20DLAssistantInterfaceP19interactionDelegateAA0c11InteractionF0_pSgvs",
                "mangledName": "$s14DLAssistingSDK20DLAssistantInterfaceP19interactionDelegateAA0c11InteractionF0_pSgvs",
                "moduleName": "DLAssistingSDK",
                "genericSig": "<τ_0_0 where τ_0_0 : DLAssistingSDK.DLAssistantInterface>",
                "sugared_genericSig": "<Self where Self : DLAssistingSDK.DLAssistantInterface>",
                "protocolReq": true,
                "reqNewWitnessTableEntry": true,
                "accessorKind": "set"
              },
              {
                "kind": "Accessor",
                "name": "Modify",
                "printedName": "Modify()",
                "children": [
                  {
                    "kind": "TypeNominal",
                    "name": "Void",
                    "printedName": "()"
                  }
                ],
                "declKind": "Accessor",
                "usr": "s:14DLAssistingSDK20DLAssistantInterfaceP19interactionDelegateAA0c11InteractionF0_pSgvM",
                "mangledName": "$s14DLAssistingSDK20DLAssistantInterfaceP19interactionDelegateAA0c11InteractionF0_pSgvM",
                "moduleName": "DLAssistingSDK",
                "genericSig": "<τ_0_0 where τ_0_0 : DLAssistingSDK.DLAssistantInterface>",
                "sugared_genericSig": "<Self where Self : DLAssistingSDK.DLAssistantInterface>",
                "protocolReq": true,
                "implicit": true,
                "reqNewWitnessTableEntry": true,
                "accessorKind": "_modify"
              }
            ]
          }
        ],
        "declKind": "Protocol",
        "usr": "s:14DLAssistingSDK20DLAssistantInterfaceP",
        "mangledName": "$s14DLAssistingSDK20DLAssistantInterfaceP",
        "moduleName": "DLAssistingSDK",
        "genericSig": "<τ_0_0 : AnyObject>",
        "sugared_genericSig": "<Self : AnyObject>",
        "declAttributes": [
          "AccessControl"
        ]
      },
      {
        "kind": "TypeDecl",
        "name": "DLAssistantInteractionDelegate",
        "printedName": "DLAssistantInteractionDelegate",
        "children": [
          {
            "kind": "Function",
            "name": "assistantDidChangeInterractionItem",
            "printedName": "assistantDidChangeInterractionItem(_:)",
            "children": [
              {
                "kind": "TypeNominal",
                "name": "Void",
                "printedName": "()"
              },
              {
                "kind": "TypeNominal",
                "name": "DLAssistantInterface",
                "printedName": "DLAssistingSDK.DLAssistantInterface",
                "usr": "s:14DLAssistingSDK20DLAssistantInterfaceP"
              }
            ],
            "declKind": "Func",
            "usr": "s:14DLAssistingSDK30DLAssistantInteractionDelegateP34assistantDidChangeInterractionItemyyAA0C9Interface_pF",
            "mangledName": "$s14DLAssistingSDK30DLAssistantInteractionDelegateP34assistantDidChangeInterractionItemyyAA0C9Interface_pF",
            "moduleName": "DLAssistingSDK",
            "genericSig": "<τ_0_0 where τ_0_0 : DLAssistingSDK.DLAssistantInteractionDelegate>",
            "sugared_genericSig": "<Self where Self : DLAssistingSDK.DLAssistantInteractionDelegate>",
            "protocolReq": true,
            "reqNewWitnessTableEntry": true,
            "funcSelfKind": "NonMutating"
          }
        ],
        "declKind": "Protocol",
        "usr": "s:14DLAssistingSDK30DLAssistantInteractionDelegateP",
        "mangledName": "$s14DLAssistingSDK30DLAssistantInteractionDelegateP",
        "moduleName": "DLAssistingSDK",
        "genericSig": "<τ_0_0 : AnyObject>",
        "sugared_genericSig": "<Self : AnyObject>",
        "declAttributes": [
          "AccessControl"
        ]
      },
      {
        "kind": "Import",
        "name": "Foundation",
        "printedName": "Foundation",
        "declKind": "Import",
        "moduleName": "DLAssistingSDK",
        "declAttributes": [
          "RawDocComment"
        ]
      },
      {
        "kind": "Import",
        "name": "CocoaLumberjack",
        "printedName": "CocoaLumberjack",
        "declKind": "Import",
        "moduleName": "DLAssistingSDK"
      },
      {
        "kind": "Import",
        "name": "Foundation",
        "printedName": "Foundation",
        "declKind": "Import",
        "moduleName": "DLAssistingSDK",
        "declAttributes": [
          "RawDocComment"
        ]
      },
      {
        "kind": "Import",
        "name": "CocoaLumberjack",
        "printedName": "CocoaLumberjack",
        "declKind": "Import",
        "moduleName": "DLAssistingSDK"
      },
      {
        "kind": "TypeDecl",
        "name": "DLAssistiantsRegistrar",
        "printedName": "DLAssistiantsRegistrar",
        "children": [
          {
            "kind": "Function",
            "name": "register",
            "printedName": "register(assistant:)",
            "children": [
              {
                "kind": "TypeNominal",
                "name": "Void",
                "printedName": "()"
              },
              {
                "kind": "TypeNominal",
                "name": "DLAssistantInterface",
                "printedName": "DLAssistingSDK.DLAssistantInterface",
                "usr": "s:14DLAssistingSDK20DLAssistantInterfaceP"
              }
            ],
            "declKind": "Func",
            "usr": "s:14DLAssistingSDK22DLAssistiantsRegistrarP8register9assistantyAA20DLAssistantInterface_p_tF",
            "mangledName": "$s14DLAssistingSDK22DLAssistiantsRegistrarP8register9assistantyAA20DLAssistantInterface_p_tF",
            "moduleName": "DLAssistingSDK",
            "genericSig": "<τ_0_0 where τ_0_0 : DLAssistingSDK.DLAssistiantsRegistrar>",
            "sugared_genericSig": "<Self where Self : DLAssistingSDK.DLAssistiantsRegistrar>",
            "protocolReq": true,
            "reqNewWitnessTableEntry": true,
            "funcSelfKind": "NonMutating"
          },
          {
            "kind": "Function",
            "name": "unregister",
            "printedName": "unregister(assistant:)",
            "children": [
              {
                "kind": "TypeNominal",
                "name": "Void",
                "printedName": "()"
              },
              {
                "kind": "TypeNominal",
                "name": "DLAssistantInterface",
                "printedName": "DLAssistingSDK.DLAssistantInterface",
                "usr": "s:14DLAssistingSDK20DLAssistantInterfaceP"
              }
            ],
            "declKind": "Func",
            "usr": "s:14DLAssistingSDK22DLAssistiantsRegistrarP10unregister9assistantyAA20DLAssistantInterface_p_tF",
            "mangledName": "$s14DLAssistingSDK22DLAssistiantsRegistrarP10unregister9assistantyAA20DLAssistantInterface_p_tF",
            "moduleName": "DLAssistingSDK",
            "genericSig": "<τ_0_0 where τ_0_0 : DLAssistingSDK.DLAssistiantsRegistrar>",
            "sugared_genericSig": "<Self where Self : DLAssistingSDK.DLAssistiantsRegistrar>",
            "protocolReq": true,
            "reqNewWitnessTableEntry": true,
            "funcSelfKind": "NonMutating"
          },
          {
            "kind": "Function",
            "name": "assistant",
            "printedName": "assistant(for:)",
            "children": [
              {
                "kind": "TypeNominal",
                "name": "Optional",
                "printedName": "DLAssistingSDK.DLAssistantInterface?",
                "children": [
                  {
                    "kind": "TypeNominal",
                    "name": "DLAssistantInterface",
                    "printedName": "DLAssistingSDK.DLAssistantInterface",
                    "usr": "s:14DLAssistingSDK20DLAssistantInterfaceP"
                  }
                ],
                "usr": "s:Sq"
              },
              {
                "kind": "TypeNominal",
                "name": "String",
                "printedName": "Swift.String",
                "usr": "s:SS"
              }
            ],
            "declKind": "Func",
            "usr": "s:14DLAssistingSDK22DLAssistiantsRegistrarP9assistant3forAA20DLAssistantInterface_pSgSS_tF",
            "mangledName": "$s14DLAssistingSDK22DLAssistiantsRegistrarP9assistant3forAA20DLAssistantInterface_pSgSS_tF",
            "moduleName": "DLAssistingSDK",
            "genericSig": "<τ_0_0 where τ_0_0 : DLAssistingSDK.DLAssistiantsRegistrar>",
            "sugared_genericSig": "<Self where Self : DLAssistingSDK.DLAssistiantsRegistrar>",
            "protocolReq": true,
            "reqNewWitnessTableEntry": true,
            "funcSelfKind": "NonMutating"
          },
          {
            "kind": "Var",
            "name": "allIdentifiers",
            "printedName": "allIdentifiers",
            "children": [
              {
                "kind": "TypeNominal",
                "name": "Array",
                "printedName": "[Swift.String]",
                "children": [
                  {
                    "kind": "TypeNominal",
                    "name": "String",
                    "printedName": "Swift.String",
                    "usr": "s:SS"
                  }
                ],
                "usr": "s:Sa"
              }
            ],
            "declKind": "Var",
            "usr": "s:14DLAssistingSDK22DLAssistiantsRegistrarP14allIdentifiersSaySSGvp",
            "mangledName": "$s14DLAssistingSDK22DLAssistiantsRegistrarP14allIdentifiersSaySSGvp",
            "moduleName": "DLAssistingSDK",
            "protocolReq": true,
            "accessors": [
              {
                "kind": "Accessor",
                "name": "Get",
                "printedName": "Get()",
                "children": [
                  {
                    "kind": "TypeNominal",
                    "name": "Array",
                    "printedName": "[Swift.String]",
                    "children": [
                      {
                        "kind": "TypeNominal",
                        "name": "String",
                        "printedName": "Swift.String",
                        "usr": "s:SS"
                      }
                    ],
                    "usr": "s:Sa"
                  }
                ],
                "declKind": "Accessor",
                "usr": "s:14DLAssistingSDK22DLAssistiantsRegistrarP14allIdentifiersSaySSGvg",
                "mangledName": "$s14DLAssistingSDK22DLAssistiantsRegistrarP14allIdentifiersSaySSGvg",
                "moduleName": "DLAssistingSDK",
                "genericSig": "<τ_0_0 where τ_0_0 : DLAssistingSDK.DLAssistiantsRegistrar>",
                "sugared_genericSig": "<Self where Self : DLAssistingSDK.DLAssistiantsRegistrar>",
                "protocolReq": true,
                "reqNewWitnessTableEntry": true,
                "accessorKind": "get"
              }
            ]
          }
        ],
        "declKind": "Protocol",
        "usr": "s:14DLAssistingSDK22DLAssistiantsRegistrarP",
        "mangledName": "$s14DLAssistingSDK22DLAssistiantsRegistrarP",
        "moduleName": "DLAssistingSDK",
        "declAttributes": [
          "AccessControl"
        ]
      },
      {
        "kind": "TypeDecl",
        "name": "DLAssisting",
        "printedName": "DLAssisting",
        "children": [
          {
            "kind": "Var",
            "name": "shared",
            "printedName": "shared",
            "children": [
              {
                "kind": "TypeNominal",
                "name": "DLAssisting",
                "printedName": "DLAssistingSDK.DLAssisting",
                "usr": "s:14DLAssistingSDK0A0C"
              }
            ],
            "declKind": "Var",
            "usr": "s:14DLAssistingSDK0A0C6sharedACvpZ",
            "mangledName": "$s14DLAssistingSDK0A0C6sharedACvpZ",
            "moduleName": "DLAssistingSDK",
            "static": true,
            "declAttributes": [
              "HasInitialValue",
              "Final",
              "HasStorage",
              "AccessControl"
            ],
            "isLet": true,
            "hasStorage": true,
            "accessors": [
              {
                "kind": "Accessor",
                "name": "Get",
                "printedName": "Get()",
                "children": [
                  {
                    "kind": "TypeNominal",
                    "name": "DLAssisting",
                    "printedName": "DLAssistingSDK.DLAssisting",
                    "usr": "s:14DLAssistingSDK0A0C"
                  }
                ],
                "declKind": "Accessor",
                "usr": "s:14DLAssistingSDK0A0C6sharedACvgZ",
                "mangledName": "$s14DLAssistingSDK0A0C6sharedACvgZ",
                "moduleName": "DLAssistingSDK",
                "static": true,
                "implicit": true,
                "declAttributes": [
                  "Final"
                ],
                "accessorKind": "get"
              }
            ]
          },
          {
            "kind": "Function",
            "name": "register",
            "printedName": "register(assistant:)",
            "children": [
              {
                "kind": "TypeNominal",
                "name": "Void",
                "printedName": "()"
              },
              {
                "kind": "TypeNominal",
                "name": "DLAssistantInterface",
                "printedName": "DLAssistingSDK.DLAssistantInterface",
                "usr": "s:14DLAssistingSDK20DLAssistantInterfaceP"
              }
            ],
            "declKind": "Func",
            "usr": "s:14DLAssistingSDK0A0C8register9assistantyAA20DLAssistantInterface_p_tF",
            "mangledName": "$s14DLAssistingSDK0A0C8register9assistantyAA20DLAssistantInterface_p_tF",
            "moduleName": "DLAssistingSDK",
            "declAttributes": [
              "AccessControl"
            ],
            "funcSelfKind": "NonMutating"
          },
          {
            "kind": "Function",
            "name": "unregister",
            "printedName": "unregister(assistant:)",
            "children": [
              {
                "kind": "TypeNominal",
                "name": "Void",
                "printedName": "()"
              },
              {
                "kind": "TypeNominal",
                "name": "DLAssistantInterface",
                "printedName": "DLAssistingSDK.DLAssistantInterface",
                "usr": "s:14DLAssistingSDK20DLAssistantInterfaceP"
              }
            ],
            "declKind": "Func",
            "usr": "s:14DLAssistingSDK0A0C10unregister9assistantyAA20DLAssistantInterface_p_tF",
            "mangledName": "$s14DLAssistingSDK0A0C10unregister9assistantyAA20DLAssistantInterface_p_tF",
            "moduleName": "DLAssistingSDK",
            "declAttributes": [
              "AccessControl"
            ],
            "funcSelfKind": "NonMutating"
          },
          {
            "kind": "Function",
            "name": "assistant",
            "printedName": "assistant(for:)",
            "children": [
              {
                "kind": "TypeNominal",
                "name": "Optional",
                "printedName": "DLAssistingSDK.DLAssistantInterface?",
                "children": [
                  {
                    "kind": "TypeNominal",
                    "name": "DLAssistantInterface",
                    "printedName": "DLAssistingSDK.DLAssistantInterface",
                    "usr": "s:14DLAssistingSDK20DLAssistantInterfaceP"
                  }
                ],
                "usr": "s:Sq"
              },
              {
                "kind": "TypeNominal",
                "name": "String",
                "printedName": "Swift.String",
                "usr": "s:SS"
              }
            ],
            "declKind": "Func",
            "usr": "s:14DLAssistingSDK0A0C9assistant3forAA20DLAssistantInterface_pSgSS_tF",
            "mangledName": "$s14DLAssistingSDK0A0C9assistant3forAA20DLAssistantInterface_pSgSS_tF",
            "moduleName": "DLAssistingSDK",
            "declAttributes": [
              "AccessControl"
            ],
            "funcSelfKind": "NonMutating"
          },
          {
            "kind": "Var",
            "name": "allIdentifiers",
            "printedName": "allIdentifiers",
            "children": [
              {
                "kind": "TypeNominal",
                "name": "Array",
                "printedName": "[Swift.String]",
                "children": [
                  {
                    "kind": "TypeNominal",
                    "name": "String",
                    "printedName": "Swift.String",
                    "usr": "s:SS"
                  }
                ],
                "usr": "s:Sa"
              }
            ],
            "declKind": "Var",
            "usr": "s:14DLAssistingSDK0A0C14allIdentifiersSaySSGvp",
            "mangledName": "$s14DLAssistingSDK0A0C14allIdentifiersSaySSGvp",
            "moduleName": "DLAssistingSDK",
            "declAttributes": [
              "AccessControl"
            ],
            "accessors": [
              {
                "kind": "Accessor",
                "name": "Get",
                "printedName": "Get()",
                "children": [
                  {
                    "kind": "TypeNominal",
                    "name": "Array",
                    "printedName": "[Swift.String]",
                    "children": [
                      {
                        "kind": "TypeNominal",
                        "name": "String",
                        "printedName": "Swift.String",
                        "usr": "s:SS"
                      }
                    ],
                    "usr": "s:Sa"
                  }
                ],
                "declKind": "Accessor",
                "usr": "s:14DLAssistingSDK0A0C14allIdentifiersSaySSGvg",
                "mangledName": "$s14DLAssistingSDK0A0C14allIdentifiersSaySSGvg",
                "moduleName": "DLAssistingSDK",
                "accessorKind": "get"
              }
            ]
          }
        ],
        "declKind": "Class",
        "usr": "s:14DLAssistingSDK0A0C",
        "mangledName": "$s14DLAssistingSDK0A0C",
        "moduleName": "DLAssistingSDK",
        "declAttributes": [
          "AccessControl"
        ],
        "hasMissingDesignatedInitializers": true,
        "conformances": [
          {
            "kind": "Conformance",
            "name": "DLAssistiantsRegistrar",
            "printedName": "DLAssistiantsRegistrar",
            "usr": "s:14DLAssistingSDK22DLAssistiantsRegistrarP",
            "mangledName": "$s14DLAssistingSDK22DLAssistiantsRegistrarP"
          }
        ]
      },
      {
        "kind": "Import",
        "name": "Foundation",
        "printedName": "Foundation",
        "declKind": "Import",
        "moduleName": "DLAssistingSDK",
        "declAttributes": [
          "RawDocComment"
        ]
      },
      {
        "kind": "TypeDecl",
        "name": "DLAssistantInteractionItem",
        "printedName": "DLAssistantInteractionItem",
        "children": [
          {
            "kind": "Var",
            "name": "identifier",
            "printedName": "identifier",
            "children": [
              {
                "kind": "TypeNominal",
                "name": "String",
                "printedName": "Swift.String",
                "usr": "s:SS"
              }
            ],
            "declKind": "Var",
            "usr": "s:14DLAssistingSDK26DLAssistantInteractionItemP10identifierSSvp",
            "mangledName": "$s14DLAssistingSDK26DLAssistantInteractionItemP10identifierSSvp",
            "moduleName": "DLAssistingSDK",
            "protocolReq": true,
            "accessors": [
              {
                "kind": "Accessor",
                "name": "Get",
                "printedName": "Get()",
                "children": [
                  {
                    "kind": "TypeNominal",
                    "name": "String",
                    "printedName": "Swift.String",
                    "usr": "s:SS"
                  }
                ],
                "declKind": "Accessor",
                "usr": "s:14DLAssistingSDK26DLAssistantInteractionItemP10identifierSSvg",
                "mangledName": "$s14DLAssistingSDK26DLAssistantInteractionItemP10identifierSSvg",
                "moduleName": "DLAssistingSDK",
                "genericSig": "<τ_0_0 where τ_0_0 : DLAssistingSDK.DLAssistantInteractionItem>",
                "sugared_genericSig": "<Self where Self : DLAssistingSDK.DLAssistantInteractionItem>",
                "protocolReq": true,
                "reqNewWitnessTableEntry": true,
                "accessorKind": "get"
              }
            ]
          }
        ],
        "declKind": "Protocol",
        "usr": "s:14DLAssistingSDK26DLAssistantInteractionItemP",
        "mangledName": "$s14DLAssistingSDK26DLAssistantInteractionItemP",
        "moduleName": "DLAssistingSDK",
        "genericSig": "<τ_0_0 : AnyObject>",
        "sugared_genericSig": "<Self : AnyObject>",
        "declAttributes": [
          "AccessControl"
        ]
      },
      {
        "kind": "TypeDecl",
        "name": "DLAssistantInfoInteractionItem",
        "printedName": "DLAssistantInfoInteractionItem",
        "children": [
          {
            "kind": "Var",
            "name": "text",
            "printedName": "text",
            "children": [
              {
                "kind": "TypeNominal",
                "name": "Optional",
                "printedName": "Swift.String?",
                "children": [
                  {
                    "kind": "TypeNominal",
                    "name": "String",
                    "printedName": "Swift.String",
                    "usr": "s:SS"
                  }
                ],
                "usr": "s:Sq"
              }
            ],
            "declKind": "Var",
            "usr": "s:14DLAssistingSDK30DLAssistantInfoInteractionItemP4textSSSgvp",
            "mangledName": "$s14DLAssistingSDK30DLAssistantInfoInteractionItemP4textSSSgvp",
            "moduleName": "DLAssistingSDK",
            "protocolReq": true,
            "accessors": [
              {
                "kind": "Accessor",
                "name": "Get",
                "printedName": "Get()",
                "children": [
                  {
                    "kind": "TypeNominal",
                    "name": "Optional",
                    "printedName": "Swift.String?",
                    "children": [
                      {
                        "kind": "TypeNominal",
                        "name": "String",
                        "printedName": "Swift.String",
                        "usr": "s:SS"
                      }
                    ],
                    "usr": "s:Sq"
                  }
                ],
                "declKind": "Accessor",
                "usr": "s:14DLAssistingSDK30DLAssistantInfoInteractionItemP4textSSSgvg",
                "mangledName": "$s14DLAssistingSDK30DLAssistantInfoInteractionItemP4textSSSgvg",
                "moduleName": "DLAssistingSDK",
                "genericSig": "<τ_0_0 where τ_0_0 : DLAssistingSDK.DLAssistantInfoInteractionItem>",
                "sugared_genericSig": "<Self where Self : DLAssistingSDK.DLAssistantInfoInteractionItem>",
                "protocolReq": true,
                "reqNewWitnessTableEntry": true,
                "accessorKind": "get"
              }
            ]
          },
          {
            "kind": "Var",
            "name": "image",
            "printedName": "image",
            "children": [
              {
                "kind": "TypeNominal",
                "name": "Optional",
                "printedName": "Foundation.Data?",
                "children": [
                  {
                    "kind": "TypeNominal",
                    "name": "Data",
                    "printedName": "Foundation.Data",
                    "usr": "s:10Foundation4DataV"
                  }
                ],
                "usr": "s:Sq"
              }
            ],
            "declKind": "Var",
            "usr": "s:14DLAssistingSDK30DLAssistantInfoInteractionItemP5image10Foundation4DataVSgvp",
            "mangledName": "$s14DLAssistingSDK30DLAssistantInfoInteractionItemP5image10Foundation4DataVSgvp",
            "moduleName": "DLAssistingSDK",
            "protocolReq": true,
            "accessors": [
              {
                "kind": "Accessor",
                "name": "Get",
                "printedName": "Get()",
                "children": [
                  {
                    "kind": "TypeNominal",
                    "name": "Optional",
                    "printedName": "Foundation.Data?",
                    "children": [
                      {
                        "kind": "TypeNominal",
                        "name": "Data",
                        "printedName": "Foundation.Data",
                        "usr": "s:10Foundation4DataV"
                      }
                    ],
                    "usr": "s:Sq"
                  }
                ],
                "declKind": "Accessor",
                "usr": "s:14DLAssistingSDK30DLAssistantInfoInteractionItemP5image10Foundation4DataVSgvg",
                "mangledName": "$s14DLAssistingSDK30DLAssistantInfoInteractionItemP5image10Foundation4DataVSgvg",
                "moduleName": "DLAssistingSDK",
                "genericSig": "<τ_0_0 where τ_0_0 : DLAssistingSDK.DLAssistantInfoInteractionItem>",
                "sugared_genericSig": "<Self where Self : DLAssistingSDK.DLAssistantInfoInteractionItem>",
                "protocolReq": true,
                "reqNewWitnessTableEntry": true,
                "accessorKind": "get"
              }
            ]
          },
          {
            "kind": "Var",
            "name": "otherData",
            "printedName": "otherData",
            "children": [
              {
                "kind": "TypeNominal",
                "name": "Optional",
                "printedName": "Foundation.Data?",
                "children": [
                  {
                    "kind": "TypeNominal",
                    "name": "Data",
                    "printedName": "Foundation.Data",
                    "usr": "s:10Foundation4DataV"
                  }
                ],
                "usr": "s:Sq"
              }
            ],
            "declKind": "Var",
            "usr": "s:14DLAssistingSDK30DLAssistantInfoInteractionItemP9otherData10Foundation0H0VSgvp",
            "mangledName": "$s14DLAssistingSDK30DLAssistantInfoInteractionItemP9otherData10Foundation0H0VSgvp",
            "moduleName": "DLAssistingSDK",
            "protocolReq": true,
            "accessors": [
              {
                "kind": "Accessor",
                "name": "Get",
                "printedName": "Get()",
                "children": [
                  {
                    "kind": "TypeNominal",
                    "name": "Optional",
                    "printedName": "Foundation.Data?",
                    "children": [
                      {
                        "kind": "TypeNominal",
                        "name": "Data",
                        "printedName": "Foundation.Data",
                        "usr": "s:10Foundation4DataV"
                      }
                    ],
                    "usr": "s:Sq"
                  }
                ],
                "declKind": "Accessor",
                "usr": "s:14DLAssistingSDK30DLAssistantInfoInteractionItemP9otherData10Foundation0H0VSgvg",
                "mangledName": "$s14DLAssistingSDK30DLAssistantInfoInteractionItemP9otherData10Foundation0H0VSgvg",
                "moduleName": "DLAssistingSDK",
                "genericSig": "<τ_0_0 where τ_0_0 : DLAssistingSDK.DLAssistantInfoInteractionItem>",
                "sugared_genericSig": "<Self where Self : DLAssistingSDK.DLAssistantInfoInteractionItem>",
                "protocolReq": true,
                "reqNewWitnessTableEntry": true,
                "accessorKind": "get"
              }
            ]
          }
        ],
        "declKind": "Protocol",
        "usr": "s:14DLAssistingSDK30DLAssistantInfoInteractionItemP",
        "mangledName": "$s14DLAssistingSDK30DLAssistantInfoInteractionItemP",
        "moduleName": "DLAssistingSDK",
        "genericSig": "<τ_0_0 : DLAssistingSDK.DLAssistantInteractionItem>",
        "sugared_genericSig": "<Self : DLAssistingSDK.DLAssistantInteractionItem>",
        "declAttributes": [
          "AccessControl"
        ],
        "conformances": [
          {
            "kind": "Conformance",
            "name": "DLAssistantInteractionItem",
            "printedName": "DLAssistantInteractionItem",
            "usr": "s:14DLAssistingSDK26DLAssistantInteractionItemP",
            "mangledName": "$s14DLAssistingSDK26DLAssistantInteractionItemP"
          }
        ]
      },
      {
        "kind": "TypeDecl",
        "name": "DLAssistantActionInteractionItem",
        "printedName": "DLAssistantActionInteractionItem",
        "children": [
          {
            "kind": "Var",
            "name": "actions",
            "printedName": "actions",
            "children": [
              {
                "kind": "TypeNominal",
                "name": "Array",
                "printedName": "[DLAssistingSDK.DLAssistantAction]",
                "children": [
                  {
                    "kind": "TypeNominal",
                    "name": "DLAssistantAction",
                    "printedName": "DLAssistingSDK.DLAssistantAction",
                    "usr": "s:14DLAssistingSDK17DLAssistantActionP"
                  }
                ],
                "usr": "s:Sa"
              }
            ],
            "declKind": "Var",
            "usr": "s:14DLAssistingSDK32DLAssistantActionInteractionItemP7actionsSayAA0cD0_pGvp",
            "mangledName": "$s14DLAssistingSDK32DLAssistantActionInteractionItemP7actionsSayAA0cD0_pGvp",
            "moduleName": "DLAssistingSDK",
            "protocolReq": true,
            "accessors": [
              {
                "kind": "Accessor",
                "name": "Get",
                "printedName": "Get()",
                "children": [
                  {
                    "kind": "TypeNominal",
                    "name": "Array",
                    "printedName": "[DLAssistingSDK.DLAssistantAction]",
                    "children": [
                      {
                        "kind": "TypeNominal",
                        "name": "DLAssistantAction",
                        "printedName": "DLAssistingSDK.DLAssistantAction",
                        "usr": "s:14DLAssistingSDK17DLAssistantActionP"
                      }
                    ],
                    "usr": "s:Sa"
                  }
                ],
                "declKind": "Accessor",
                "usr": "s:14DLAssistingSDK32DLAssistantActionInteractionItemP7actionsSayAA0cD0_pGvg",
                "mangledName": "$s14DLAssistingSDK32DLAssistantActionInteractionItemP7actionsSayAA0cD0_pGvg",
                "moduleName": "DLAssistingSDK",
                "genericSig": "<τ_0_0 where τ_0_0 : DLAssistingSDK.DLAssistantActionInteractionItem>",
                "sugared_genericSig": "<Self where Self : DLAssistingSDK.DLAssistantActionInteractionItem>",
                "protocolReq": true,
                "reqNewWitnessTableEntry": true,
                "accessorKind": "get"
              }
            ]
          }
        ],
        "declKind": "Protocol",
        "usr": "s:14DLAssistingSDK32DLAssistantActionInteractionItemP",
        "mangledName": "$s14DLAssistingSDK32DLAssistantActionInteractionItemP",
        "moduleName": "DLAssistingSDK",
        "genericSig": "<τ_0_0 : DLAssistingSDK.DLAssistantInteractionItem>",
        "sugared_genericSig": "<Self : DLAssistingSDK.DLAssistantInteractionItem>",
        "declAttributes": [
          "AccessControl"
        ],
        "conformances": [
          {
            "kind": "Conformance",
            "name": "DLAssistantInteractionItem",
            "printedName": "DLAssistantInteractionItem",
            "usr": "s:14DLAssistingSDK26DLAssistantInteractionItemP",
            "mangledName": "$s14DLAssistingSDK26DLAssistantInteractionItemP"
          }
        ]
      },
      {
        "kind": "TypeDecl",
        "name": "DLAssistantUnionInteractionItem",
        "printedName": "DLAssistantUnionInteractionItem",
        "children": [
          {
            "kind": "Var",
            "name": "subItems",
            "printedName": "subItems",
            "children": [
              {
                "kind": "TypeNominal",
                "name": "Array",
                "printedName": "[DLAssistingSDK.DLAssistantInteractionItem]",
                "children": [
                  {
                    "kind": "TypeNominal",
                    "name": "DLAssistantInteractionItem",
                    "printedName": "DLAssistingSDK.DLAssistantInteractionItem",
                    "usr": "s:14DLAssistingSDK26DLAssistantInteractionItemP"
                  }
                ],
                "usr": "s:Sa"
              }
            ],
            "declKind": "Var",
            "usr": "s:14DLAssistingSDK31DLAssistantUnionInteractionItemP8subItemsSayAA0ceF0_pGvp",
            "mangledName": "$s14DLAssistingSDK31DLAssistantUnionInteractionItemP8subItemsSayAA0ceF0_pGvp",
            "moduleName": "DLAssistingSDK",
            "protocolReq": true,
            "accessors": [
              {
                "kind": "Accessor",
                "name": "Get",
                "printedName": "Get()",
                "children": [
                  {
                    "kind": "TypeNominal",
                    "name": "Array",
                    "printedName": "[DLAssistingSDK.DLAssistantInteractionItem]",
                    "children": [
                      {
                        "kind": "TypeNominal",
                        "name": "DLAssistantInteractionItem",
                        "printedName": "DLAssistingSDK.DLAssistantInteractionItem",
                        "usr": "s:14DLAssistingSDK26DLAssistantInteractionItemP"
                      }
                    ],
                    "usr": "s:Sa"
                  }
                ],
                "declKind": "Accessor",
                "usr": "s:14DLAssistingSDK31DLAssistantUnionInteractionItemP8subItemsSayAA0ceF0_pGvg",
                "mangledName": "$s14DLAssistingSDK31DLAssistantUnionInteractionItemP8subItemsSayAA0ceF0_pGvg",
                "moduleName": "DLAssistingSDK",
                "genericSig": "<τ_0_0 where τ_0_0 : DLAssistingSDK.DLAssistantUnionInteractionItem>",
                "sugared_genericSig": "<Self where Self : DLAssistingSDK.DLAssistantUnionInteractionItem>",
                "protocolReq": true,
                "reqNewWitnessTableEntry": true,
                "accessorKind": "get"
              }
            ]
          }
        ],
        "declKind": "Protocol",
        "usr": "s:14DLAssistingSDK31DLAssistantUnionInteractionItemP",
        "mangledName": "$s14DLAssistingSDK31DLAssistantUnionInteractionItemP",
        "moduleName": "DLAssistingSDK",
        "genericSig": "<τ_0_0 : DLAssistingSDK.DLAssistantInteractionItem>",
        "sugared_genericSig": "<Self : DLAssistingSDK.DLAssistantInteractionItem>",
        "declAttributes": [
          "AccessControl"
        ],
        "conformances": [
          {
            "kind": "Conformance",
            "name": "DLAssistantInteractionItem",
            "printedName": "DLAssistantInteractionItem",
            "usr": "s:14DLAssistingSDK26DLAssistantInteractionItemP",
            "mangledName": "$s14DLAssistingSDK26DLAssistantInteractionItemP"
          }
        ]
      },
      {
        "kind": "TypeDecl",
        "name": "DLAssistantAction",
        "printedName": "DLAssistantAction",
        "children": [
          {
            "kind": "Var",
            "name": "title",
            "printedName": "title",
            "children": [
              {
                "kind": "TypeNominal",
                "name": "String",
                "printedName": "Swift.String",
                "usr": "s:SS"
              }
            ],
            "declKind": "Var",
            "usr": "s:14DLAssistingSDK17DLAssistantActionP5titleSSvp",
            "mangledName": "$s14DLAssistingSDK17DLAssistantActionP5titleSSvp",
            "moduleName": "DLAssistingSDK",
            "protocolReq": true,
            "accessors": [
              {
                "kind": "Accessor",
                "name": "Get",
                "printedName": "Get()",
                "children": [
                  {
                    "kind": "TypeNominal",
                    "name": "String",
                    "printedName": "Swift.String",
                    "usr": "s:SS"
                  }
                ],
                "declKind": "Accessor",
                "usr": "s:14DLAssistingSDK17DLAssistantActionP5titleSSvg",
                "mangledName": "$s14DLAssistingSDK17DLAssistantActionP5titleSSvg",
                "moduleName": "DLAssistingSDK",
                "genericSig": "<τ_0_0 where τ_0_0 : DLAssistingSDK.DLAssistantAction>",
                "sugared_genericSig": "<Self where Self : DLAssistingSDK.DLAssistantAction>",
                "protocolReq": true,
                "reqNewWitnessTableEntry": true,
                "accessorKind": "get"
              }
            ]
          },
          {
            "kind": "Function",
            "name": "perform",
            "printedName": "perform()",
            "children": [
              {
                "kind": "TypeNominal",
                "name": "Void",
                "printedName": "()"
              }
            ],
            "declKind": "Func",
            "usr": "s:14DLAssistingSDK17DLAssistantActionP7performyyF",
            "mangledName": "$s14DLAssistingSDK17DLAssistantActionP7performyyF",
            "moduleName": "DLAssistingSDK",
            "genericSig": "<τ_0_0 where τ_0_0 : DLAssistingSDK.DLAssistantAction>",
            "sugared_genericSig": "<Self where Self : DLAssistingSDK.DLAssistantAction>",
            "protocolReq": true,
            "reqNewWitnessTableEntry": true,
            "funcSelfKind": "NonMutating"
          }
        ],
        "declKind": "Protocol",
        "usr": "s:14DLAssistingSDK17DLAssistantActionP",
        "mangledName": "$s14DLAssistingSDK17DLAssistantActionP",
        "moduleName": "DLAssistingSDK",
        "declAttributes": [
          "AccessControl",
          "RawDocComment"
        ]
      },
      {
        "kind": "Import",
        "name": "Foundation",
        "printedName": "Foundation",
        "declKind": "Import",
        "moduleName": "DLAssistingSDK",
        "declAttributes": [
          "RawDocComment"
        ]
      },
      {
        "kind": "Import",
        "name": "CocoaLumberjack",
        "printedName": "CocoaLumberjack",
        "declKind": "Import",
        "moduleName": "DLAssistingSDK"
      }
    ],
    "json_format_version": 8
  },
  "ConstValues": []
}