{
  "ABIRoot": {
    "kind": "Root",
    "name": "TopLevel",
    "printedName": "TopLevel",
    "children": [
      {
        "kind": "Import",
        "name": "Foundation",
        "printedName": "Foundation",
        "declKind": "Import",
        "moduleName": "DLCoreSDK",
        "declAttributes": [
          "RawDocComment"
        ]
      },
      {
        "kind": "TypeDecl",
        "name": "DLCoreSDKAssistant",
        "printedName": "DLCoreSDKAssistant",
        "declKind": "Protocol",
        "usr": "s:9DLCoreSDK0A12SDKAssistantP",
        "mangledName": "$s9DLCoreSDK0A12SDKAssistantP",
        "moduleName": "DLCoreSDK",
        "declAttributes": [
          "AccessControl"
        ]
      },
      {
        "kind": "Import",
        "name": "Foundation",
        "printedName": "Foundation",
        "declKind": "Import",
        "moduleName": "DLCoreSDK",
        "declAttributes": [
          "RawDocComment"
        ]
      },
      {
        "kind": "Import",
        "name": "CocoaLumberjack",
        "printedName": "CocoaLumberjack",
        "declKind": "Import",
        "moduleName": "DLCoreSDK"
      },
      {
        "kind": "TypeDecl",
        "name": "DLCoreSDK",
        "printedName": "DLCoreSDK",
        "children": [
          {
            "kind": "Var",
            "name": "shared",
            "printedName": "shared",
            "children": [
              {
                "kind": "TypeNominal",
                "name": "DLCoreSDK",
                "printedName": "DLCoreSDK.DLCoreSDK",
                "usr": "s:9DLCoreSDKAAC"
              }
            ],
            "declKind": "Var",
            "usr": "s:9DLCoreSDKAAC6sharedABvpZ",
            "mangledName": "$s9DLCoreSDKAAC6sharedABvpZ",
            "moduleName": "DLCoreSDK",
            "static": true,
            "declAttributes": [
              "HasInitialValue",
              "Final",
              "HasStorage",
              "AccessControl"
            ],
            "isLet": true,
            "hasStorage": true,
            "accessors": [
              {
                "kind": "Accessor",
                "name": "Get",
                "printedName": "Get()",
                "children": [
                  {
                    "kind": "TypeNominal",
                    "name": "DLCoreSDK",
                    "printedName": "DLCoreSDK.DLCoreSDK",
                    "usr": "s:9DLCoreSDKAAC"
                  }
                ],
                "declKind": "Accessor",
                "usr": "s:9DLCoreSDKAAC6sharedABvgZ",
                "mangledName": "$s9DLCoreSDKAAC6sharedABvgZ",
                "moduleName": "DLCoreSDK",
                "static": true,
                "implicit": true,
                "declAttributes": [
                  "Final"
                ],
                "accessorKind": "get"
              }
            ]
          },
          {
            "kind": "Function",
            "name": "isAssistantAvailable",
            "printedName": "isAssistantAvailable(for:)",
            "children": [
              {
                "kind": "TypeNominal",
                "name": "Bool",
                "printedName": "Swift.Bool",
                "usr": "s:Sb"
              },
              {
                "kind": "TypeNominal",
                "name": "String",
                "printedName": "Swift.String",
                "usr": "s:SS"
              }
            ],
            "declKind": "Func",
            "usr": "s:9DLCoreSDKAAC20isAssistantAvailable3forSbSS_tF",
            "mangledName": "$s9DLCoreSDKAAC20isAssistantAvailable3forSbSS_tF",
            "moduleName": "DLCoreSDK",
            "declAttributes": [
              "AccessControl"
            ],
            "funcSelfKind": "NonMutating"
          },
          {
            "kind": "Function",
            "name": "enableAssistant",
            "printedName": "enableAssistant(for:_:)",
            "children": [
              {
                "kind": "TypeNominal",
                "name": "Void",
                "printedName": "()"
              },
              {
                "kind": "TypeNominal",
                "name": "String",
                "printedName": "Swift.String",
                "usr": "s:SS"
              },
              {
                "kind": "TypeNominal",
                "name": "Bool",
                "printedName": "Swift.Bool",
                "usr": "s:Sb"
              }
            ],
            "declKind": "Func",
            "usr": "s:9DLCoreSDKAAC15enableAssistant3for_ySS_SbtF",
            "mangledName": "$s9DLCoreSDKAAC15enableAssistant3for_ySS_SbtF",
            "moduleName": "DLCoreSDK",
            "declAttributes": [
              "AccessControl"
            ],
            "funcSelfKind": "NonMutating"
          },
          {
            "kind": "Function",
            "name": "isEnabledAssistant",
            "printedName": "isEnabledAssistant(for:)",
            "children": [
              {
                "kind": "TypeNominal",
                "name": "Bool",
                "printedName": "Swift.Bool",
                "usr": "s:Sb"
              },
              {
                "kind": "TypeNominal",
                "name": "String",
                "printedName": "Swift.String",
                "usr": "s:SS"
              }
            ],
            "declKind": "Func",
            "usr": "s:9DLCoreSDKAAC18isEnabledAssistant3forSbSS_tF",
            "mangledName": "$s9DLCoreSDKAAC18isEnabledAssistant3forSbSS_tF",
            "moduleName": "DLCoreSDK",
            "declAttributes": [
              "AccessControl"
            ],
            "funcSelfKind": "NonMutating"
          },
          {
            "kind": "Function",
            "name": "assistant",
            "printedName": "assistant(for:)",
            "children": [
              {
                "kind": "TypeNominal",
                "name": "Optional",
                "printedName": "DLCoreSDK.DLCoreSDKAssistant?",
                "children": [
                  {
                    "kind": "TypeNominal",
                    "name": "DLCoreSDKAssistant",
                    "printedName": "DLCoreSDK.DLCoreSDKAssistant",
                    "usr": "s:9DLCoreSDK0A12SDKAssistantP"
                  }
                ],
                "usr": "s:Sq"
              },
              {
                "kind": "TypeNominal",
                "name": "String",
                "printedName": "Swift.String",
                "usr": "s:SS"
              }
            ],
            "declKind": "Func",
            "usr": "s:9DLCoreSDKAAC9assistant3forAA0A12SDKAssistant_pSgSS_tF",
            "mangledName": "$s9DLCoreSDKAAC9assistant3forAA0A12SDKAssistant_pSgSS_tF",
            "moduleName": "DLCoreSDK",
            "declAttributes": [
              "AccessControl"
            ],
            "funcSelfKind": "NonMutating"
          }
        ],
        "declKind": "Class",
        "usr": "s:9DLCoreSDKAAC",
        "mangledName": "$s9DLCoreSDKAAC",
        "moduleName": "DLCoreSDK",
        "declAttributes": [
          "AccessControl"
        ],
        "hasMissingDesignatedInitializers": true
      },
      {
        "kind": "Import",
        "name": "Foundation",
        "printedName": "Foundation",
        "declKind": "Import",
        "moduleName": "DLCoreSDK",
        "declAttributes": [
          "RawDocComment"
        ]
      },
      {
        "kind": "Import",
        "name": "CocoaLumberjack",
        "printedName": "CocoaLumberjack",
        "declKind": "Import",
        "moduleName": "DLCoreSDK"
      }
    ],
    "json_format_version": 8
  },
  "ConstValues": []
}