{
  "ABIRoot": {
    "kind": "Root",
    "name": "TopLevel",
    "printedName": "TopLevel",
    "children": [
      {
        "kind": "Import",
        "name": "Foundation",
        "printedName": "Foundation",
        "declKind": "Import",
        "moduleName": "DLTextAssistant",
        "declAttributes": [
          "RawDocComment"
        ]
      },
      {
        "kind": "Import",
        "name": "CocoaLumberjack",
        "printedName": "CocoaLumberjack",
        "declKind": "Import",
        "moduleName": "DLTextAssistant"
      },
      {
        "kind": "Import",
        "name": "DLAssistingSDK",
        "printedName": "DLAssistingSDK",
        "declKind": "Import",
        "moduleName": "DLTextAssistant"
      },
      {
        "kind": "Import",
        "name": "Foundation",
        "printedName": "Foundation",
        "declKind": "Import",
        "moduleName": "DLTextAssistant",
        "declAttributes": [
          "RawDocComment"
        ]
      },
      {
        "kind": "Import",
        "name": "CocoaLumberjack",
        "printedName": "CocoaLumberjack",
        "declKind": "Import",
        "moduleName": "DLTextAssistant"
      },
      {
        "kind": "TypeDecl",
        "name": "DLTextAssistantRegistrar",
        "printedName": "DLTextAssistantRegistrar",
        "children": [
          {
            "kind": "Function",
            "name": "registerAssistant",
            "printedName": "registerAssistant(with:)",
            "children": [
              {
                "kind": "TypeNominal",
                "name": "Void",
                "printedName": "()"
              },
              {
                "kind": "TypeNominal",
                "name": "ProtocolComposition",
                "printedName": "Any"
              }
            ],
            "declKind": "Func",
            "usr": "s:15DLTextAssistant0aB9RegistrarC08registerB04withyyp_tFZ",
            "mangledName": "$s15DLTextAssistant0aB9RegistrarC08registerB04withyyp_tFZ",
            "moduleName": "DLTextAssistant",
            "static": true,
            "declAttributes": [
              "Final",
              "AccessControl"
            ],
            "funcSelfKind": "NonMutating"
          }
        ],
        "declKind": "Class",
        "usr": "s:15DLTextAssistant0aB9RegistrarC",
        "mangledName": "$s15DLTextAssistant0aB9RegistrarC",
        "moduleName": "DLTextAssistant",
        "declAttributes": [
          "AccessControl"
        ],
        "hasMissingDesignatedInitializers": true
      },
      {
        "kind": "Import",
        "name": "Foundation",
        "printedName": "Foundation",
        "declKind": "Import",
        "moduleName": "DLTextAssistant",
        "declAttributes": [
          "RawDocComment"
        ]
      },
      {
        "kind": "Import",
        "name": "Foundation",
        "printedName": "Foundation",
        "declKind": "Import",
        "moduleName": "DLTextAssistant",
        "declAttributes": [
          "RawDocComment"
        ]
      },
      {
        "kind": "Import",
        "name": "DLAssistingSDK",
        "printedName": "DLAssistingSDK",
        "declKind": "Import",
        "moduleName": "DLTextAssistant"
      },
      {
        "kind": "Import",
        "name": "Foundation",
        "printedName": "Foundation",
        "declKind": "Import",
        "moduleName": "DLTextAssistant",
        "declAttributes": [
          "RawDocComment"
        ]
      }
    ],
    "json_format_version": 8
  },
  "ConstValues": [
    {
      "filePath": "\/Users\/developer\/Developer\/Sources\/lekarion.private\/Experiments\/Sources\/DecouplingLab\/DLAssistantsLib\/DLTextAssistant\/DLAssistant.swift",
      "kind": "IntegerLiteral",
      "offset": 1050,
      "length": 2,
      "value": "1"
    },
    {
      "filePath": "\/Users\/developer\/Developer\/Sources\/lekarion.private\/Experiments\/Sources\/DecouplingLab\/DLAssistantsLib\/DLTextAssistant\/DLAssistant.swift",
      "kind": "StringLiteral",
      "offset": 1144,
      "length": 17,
      "value": "\"DLTextAssistant\""
    },
    {
      "filePath": "\/Users\/developer\/Developer\/Sources\/lekarion.private\/Experiments\/Sources\/DecouplingLab\/DLAssistantsLib\/DLTextAssistant\/DLAssistant.swift",
      "kind": "IntegerLiteral",
      "offset": 1627,
      "length": 1,
      "value": "0"
    },
    {
      "filePath": "\/Users\/developer\/Developer\/Sources\/lekarion.private\/Experiments\/Sources\/DecouplingLab\/DLAssistantsLib\/DLTextAssistant\/DLAssistant.swift",
      "kind": "IntegerLiteral",
      "offset": 1652,
      "length": 1,
      "value": "1"
    },
    {
      "filePath": "\/Users\/developer\/Developer\/Sources\/lekarion.private\/Experiments\/Sources\/DecouplingLab\/DLAssistantsLib\/DLTextAssistant\/DLAssistant.swift",
      "kind": "IntegerLiteral",
      "offset": 1674,
      "length": 1,
      "value": "2"
    },
    {
      "filePath": "\/Users\/developer\/Developer\/Sources\/lekarion.private\/Experiments\/Sources\/DecouplingLab\/DLAssistantsLib\/DLTextAssistant\/DLAssistant.swift",
      "kind": "IntegerLiteral",
      "offset": 1696,
      "length": 1,
      "value": "3"
    },
    {
      "filePath": "\/Users\/developer\/Developer\/Sources\/lekarion.private\/Experiments\/Sources\/DecouplingLab\/DLAssistantsLib\/DLTextAssistant\/DLAssistant.swift",
      "kind": "IntegerLiteral",
      "offset": 1627,
      "length": 1,
      "value": "0"
    },
    {
      "filePath": "\/Users\/developer\/Developer\/Sources\/lekarion.private\/Experiments\/Sources\/DecouplingLab\/DLAssistantsLib\/DLTextAssistant\/DLAssistant.swift",
      "kind": "IntegerLiteral",
      "offset": 1652,
      "length": 1,
      "value": "1"
    },
    {
      "filePath": "\/Users\/developer\/Developer\/Sources\/lekarion.private\/Experiments\/Sources\/DecouplingLab\/DLAssistantsLib\/DLTextAssistant\/DLAssistant.swift",
      "kind": "IntegerLiteral",
      "offset": 1674,
      "length": 1,
      "value": "2"
    },
    {
      "filePath": "\/Users\/developer\/Developer\/Sources\/lekarion.private\/Experiments\/Sources\/DecouplingLab\/DLAssistantsLib\/DLTextAssistant\/DLAssistant.swift",
      "kind": "IntegerLiteral",
      "offset": 1696,
      "length": 1,
      "value": "3"
    },
    {
      "filePath": "\/Users\/developer\/Developer\/Sources\/lekarion.private\/Experiments\/Sources\/DecouplingLab\/DLAssistantsLib\/DLTextAssistant\/DLAssistant.swift",
      "kind": "IntegerLiteral",
      "offset": 1627,
      "length": 1,
      "value": "0"
    },
    {
      "filePath": "\/Users\/developer\/Developer\/Sources\/lekarion.private\/Experiments\/Sources\/DecouplingLab\/DLAssistantsLib\/DLTextAssistant\/DLAssistant.swift",
      "kind": "IntegerLiteral",
      "offset": 1652,
      "length": 1,
      "value": "1"
    },
    {
      "filePath": "\/Users\/developer\/Developer\/Sources\/lekarion.private\/Experiments\/Sources\/DecouplingLab\/DLAssistantsLib\/DLTextAssistant\/DLAssistant.swift",
      "kind": "IntegerLiteral",
      "offset": 1674,
      "length": 1,
      "value": "2"
    },
    {
      "filePath": "\/Users\/developer\/Developer\/Sources\/lekarion.private\/Experiments\/Sources\/DecouplingLab\/DLAssistantsLib\/DLTextAssistant\/DLAssistant.swift",
      "kind": "IntegerLiteral",
      "offset": 1696,
      "length": 1,
      "value": "3"
    },
    {
      "filePath": "\/Users\/developer\/Developer\/Sources\/lekarion.private\/Experiments\/Sources\/DecouplingLab\/DLAssistantsLib\/DLTextAssistant\/DLAssistant.swift",
      "kind": "StringLiteral",
      "offset": 6209,
      "length": 14,
      "value": "\"cancelAction\""
    },
    {
      "filePath": "\/Users\/developer\/Developer\/Sources\/lekarion.private\/Experiments\/Sources\/DecouplingLab\/DLAssistantsLib\/DLTextAssistant\/DLAssistant.swift",
      "kind": "StringLiteral",
      "offset": 6251,
      "length": 19,
      "value": "\"showSingersAction\""
    },
    {
      "filePath": "\/Users\/developer\/Developer\/Sources\/lekarion.private\/Experiments\/Sources\/DecouplingLab\/DLAssistantsLib\/DLTextAssistant\/DLAssistant.swift",
      "kind": "StringLiteral",
      "offset": 6304,
      "length": 25,
      "value": "\"showUSAPresidentsAction\""
    },
    {
      "filePath": "\/Users\/developer\/Developer\/Sources\/lekarion.private\/Experiments\/Sources\/DecouplingLab\/DLAssistantsLib\/DLTextAssistant\/DLAssistant.swift",
      "kind": "StringLiteral",
      "offset": 6360,
      "length": 22,
      "value": "\"showLoremIpsumAction\""
    },
    {
      "filePath": "\/Users\/developer\/Developer\/Sources\/lekarion.private\/Experiments\/Sources\/DecouplingLab\/DLAssistantsLib\/DLTextAssistant\/DLAssistant.swift",
      "kind": "StringLiteral",
      "offset": 6209,
      "length": 14,
      "value": "\"cancelAction\""
    },
    {
      "filePath": "\/Users\/developer\/Developer\/Sources\/lekarion.private\/Experiments\/Sources\/DecouplingLab\/DLAssistantsLib\/DLTextAssistant\/DLAssistant.swift",
      "kind": "StringLiteral",
      "offset": 6251,
      "length": 19,
      "value": "\"showSingersAction\""
    },
    {
      "filePath": "\/Users\/developer\/Developer\/Sources\/lekarion.private\/Experiments\/Sources\/DecouplingLab\/DLAssistantsLib\/DLTextAssistant\/DLAssistant.swift",
      "kind": "StringLiteral",
      "offset": 6304,
      "length": 25,
      "value": "\"showUSAPresidentsAction\""
    },
    {
      "filePath": "\/Users\/developer\/Developer\/Sources\/lekarion.private\/Experiments\/Sources\/DecouplingLab\/DLAssistantsLib\/DLTextAssistant\/DLAssistant.swift",
      "kind": "StringLiteral",
      "offset": 6360,
      "length": 22,
      "value": "\"showLoremIpsumAction\""
    },
    {
      "filePath": "\/Users\/developer\/Developer\/Sources\/lekarion.private\/Experiments\/Sources\/DecouplingLab\/DLAssistantsLib\/DLTextAssistant\/DLAssistant.swift",
      "kind": "StringLiteral",
      "offset": 6470,
      "length": 14,
      "value": "\"Show Singers\""
    },
    {
      "filePath": "\/Users\/developer\/Developer\/Sources\/lekarion.private\/Experiments\/Sources\/DecouplingLab\/DLAssistantsLib\/DLTextAssistant\/DLAssistant.swift",
      "kind": "StringLiteral",
      "offset": 6541,
      "length": 21,
      "value": "\"Show USA Presidents\""
    },
    {
      "filePath": "\/Users\/developer\/Developer\/Sources\/lekarion.private\/Experiments\/Sources\/DecouplingLab\/DLAssistantsLib\/DLTextAssistant\/DLAssistant.swift",
      "kind": "StringLiteral",
      "offset": 6616,
      "length": 18,
      "value": "\"Show Lorem Ipsum\""
    },
    {
      "filePath": "\/Users\/developer\/Developer\/Sources\/lekarion.private\/Experiments\/Sources\/DecouplingLab\/DLAssistantsLib\/AssistantsCommon\/DLAssistantInteractionItems.swift",
      "kind": "Array",
      "offset": 260,
      "length": 2,
      "value": "[]"
    },
    {
      "filePath": "\/Users\/developer\/Developer\/Sources\/lekarion.private\/Experiments\/Sources\/DecouplingLab\/DLAssistantsLib\/AssistantsCommon\/DLAssistantInteractionItems.swift",
      "kind": "Array",
      "offset": 1022,
      "length": 2,
      "value": "[]"
    }
  ]
}