{
  "ABIRoot": {
    "kind": "Root",
    "name": "TopLevel",
    "printedName": "TopLevel",
    "children": [
      {
        "kind": "Import",
        "name": "Foundation",
        "printedName": "Foundation",
        "declKind": "Import",
        "moduleName": "DLCoreSDK",
        "declAttributes": [
          "RawDocComment"
        ]
      },
      {
        "kind": "Import",
        "name": "DLAssistingSDK",
        "printedName": "DLAssistingSDK",
        "declKind": "Import",
        "moduleName": "DLCoreSDK"
      },
      {
        "kind": "Import",
        "name": "Foundation",
        "printedName": "Foundation",
        "declKind": "Import",
        "moduleName": "DLCoreSDK",
        "declAttributes": [
          "RawDocComment"
        ]
      },
      {
        "kind": "Import",
        "name": "CocoaLumberjack",
        "printedName": "CocoaLumberjack",
        "declKind": "Import",
        "moduleName": "DLCoreSDK"
      },
      {
        "kind": "TypeDecl",
        "name": "DLCore",
        "printedName": "DLCore",
        "children": [
          {
            "kind": "Var",
            "name": "shared",
            "printedName": "shared",
            "children": [
              {
                "kind": "TypeNominal",
                "name": "DLCore",
                "printedName": "DLCoreSDK.DLCore",
                "usr": "s:9DLCoreSDK0A0C"
              }
            ],
            "declKind": "Var",
            "usr": "s:9DLCoreSDK0A0C6sharedACvpZ",
            "mangledName": "$s9DLCoreSDK0A0C6sharedACvpZ",
            "moduleName": "DLCoreSDK",
            "static": true,
            "declAttributes": [
              "HasInitialValue",
              "Final",
              "HasStorage",
              "AccessControl"
            ],
            "isLet": true,
            "hasStorage": true,
            "accessors": [
              {
                "kind": "Accessor",
                "name": "Get",
                "printedName": "Get()",
                "children": [
                  {
                    "kind": "TypeNominal",
                    "name": "DLCore",
                    "printedName": "DLCoreSDK.DLCore",
                    "usr": "s:9DLCoreSDK0A0C"
                  }
                ],
                "declKind": "Accessor",
                "usr": "s:9DLCoreSDK0A0C6sharedACvgZ",
                "mangledName": "$s9DLCoreSDK0A0C6sharedACvgZ",
                "moduleName": "DLCoreSDK",
                "static": true,
                "implicit": true,
                "declAttributes": [
                  "Final"
                ],
                "accessorKind": "get"
              }
            ]
          },
          {
            "kind": "Function",
            "name": "isAssistantAvailable",
            "printedName": "isAssistantAvailable(for:)",
            "children": [
              {
                "kind": "TypeNominal",
                "name": "Bool",
                "printedName": "Swift.Bool",
                "usr": "s:Sb"
              },
              {
                "kind": "TypeNominal",
                "name": "String",
                "printedName": "Swift.String",
                "usr": "s:SS"
              }
            ],
            "declKind": "Func",
            "usr": "s:9DLCoreSDK0A0C20isAssistantAvailable3forSbSS_tF",
            "mangledName": "$s9DLCoreSDK0A0C20isAssistantAvailable3forSbSS_tF",
            "moduleName": "DLCoreSDK",
            "declAttributes": [
              "AccessControl"
            ],
            "funcSelfKind": "NonMutating"
          },
          {
            "kind": "Function",
            "name": "enableAssistant",
            "printedName": "enableAssistant(for:_:)",
            "children": [
              {
                "kind": "TypeNominal",
                "name": "Void",
                "printedName": "()"
              },
              {
                "kind": "TypeNominal",
                "name": "String",
                "printedName": "Swift.String",
                "usr": "s:SS"
              },
              {
                "kind": "TypeNominal",
                "name": "Bool",
                "printedName": "Swift.Bool",
                "usr": "s:Sb"
              }
            ],
            "declKind": "Func",
            "usr": "s:9DLCoreSDK0A0C15enableAssistant3for_ySS_SbtF",
            "mangledName": "$s9DLCoreSDK0A0C15enableAssistant3for_ySS_SbtF",
            "moduleName": "DLCoreSDK",
            "declAttributes": [
              "AccessControl"
            ],
            "funcSelfKind": "NonMutating"
          },
          {
            "kind": "Function",
            "name": "isEnabledAssistant",
            "printedName": "isEnabledAssistant(for:)",
            "children": [
              {
                "kind": "TypeNominal",
                "name": "Bool",
                "printedName": "Swift.Bool",
                "usr": "s:Sb"
              },
              {
                "kind": "TypeNominal",
                "name": "String",
                "printedName": "Swift.String",
                "usr": "s:SS"
              }
            ],
            "declKind": "Func",
            "usr": "s:9DLCoreSDK0A0C18isEnabledAssistant3forSbSS_tF",
            "mangledName": "$s9DLCoreSDK0A0C18isEnabledAssistant3forSbSS_tF",
            "moduleName": "DLCoreSDK",
            "declAttributes": [
              "AccessControl"
            ],
            "funcSelfKind": "NonMutating"
          },
          {
            "kind": "Function",
            "name": "assistant",
            "printedName": "assistant(for:)",
            "children": [
              {
                "kind": "TypeNominal",
                "name": "Optional",
                "printedName": "DLCoreSDK.DLCoreAssistant?",
                "children": [
                  {
                    "kind": "TypeNominal",
                    "name": "DLCoreAssistant",
                    "printedName": "DLCoreSDK.DLCoreAssistant",
                    "usr": "s:9DLCoreSDK0A9AssistantP"
                  }
                ],
                "usr": "s:Sq"
              },
              {
                "kind": "TypeNominal",
                "name": "String",
                "printedName": "Swift.String",
                "usr": "s:SS"
              }
            ],
            "declKind": "Func",
            "usr": "s:9DLCoreSDK0A0C9assistant3forAA0A9Assistant_pSgSS_tF",
            "mangledName": "$s9DLCoreSDK0A0C9assistant3forAA0A9Assistant_pSgSS_tF",
            "moduleName": "DLCoreSDK",
            "declAttributes": [
              "AccessControl"
            ],
            "funcSelfKind": "NonMutating"
          },
          {
            "kind": "Var",
            "name": "assistantRegistrarContext",
            "printedName": "assistantRegistrarContext",
            "children": [
              {
                "kind": "TypeNominal",
                "name": "Optional",
                "printedName": "Any?",
                "children": [
                  {
                    "kind": "TypeNominal",
                    "name": "ProtocolComposition",
                    "printedName": "Any"
                  }
                ],
                "usr": "s:Sq"
              }
            ],
            "declKind": "Var",
            "usr": "s:9DLCoreSDK0A0C25assistantRegistrarContextypSgvp",
            "mangledName": "$s9DLCoreSDK0A0C25assistantRegistrarContextypSgvp",
            "moduleName": "DLCoreSDK",
            "declAttributes": [
              "AccessControl"
            ],
            "accessors": [
              {
                "kind": "Accessor",
                "name": "Get",
                "printedName": "Get()",
                "children": [
                  {
                    "kind": "TypeNominal",
                    "name": "Optional",
                    "printedName": "Any?",
                    "children": [
                      {
                        "kind": "TypeNominal",
                        "name": "ProtocolComposition",
                        "printedName": "Any"
                      }
                    ],
                    "usr": "s:Sq"
                  }
                ],
                "declKind": "Accessor",
                "usr": "s:9DLCoreSDK0A0C25assistantRegistrarContextypSgvg",
                "mangledName": "$s9DLCoreSDK0A0C25assistantRegistrarContextypSgvg",
                "moduleName": "DLCoreSDK",
                "accessorKind": "get"
              }
            ]
          },
          {
            "kind": "Var",
            "name": "allAssistantIds",
            "printedName": "allAssistantIds",
            "children": [
              {
                "kind": "TypeNominal",
                "name": "Array",
                "printedName": "[Swift.String]",
                "children": [
                  {
                    "kind": "TypeNominal",
                    "name": "String",
                    "printedName": "Swift.String",
                    "usr": "s:SS"
                  }
                ],
                "usr": "s:Sa"
              }
            ],
            "declKind": "Var",
            "usr": "s:9DLCoreSDK0A0C15allAssistantIdsSaySSGvp",
            "mangledName": "$s9DLCoreSDK0A0C15allAssistantIdsSaySSGvp",
            "moduleName": "DLCoreSDK",
            "declAttributes": [
              "AccessControl"
            ],
            "accessors": [
              {
                "kind": "Accessor",
                "name": "Get",
                "printedName": "Get()",
                "children": [
                  {
                    "kind": "TypeNominal",
                    "name": "Array",
                    "printedName": "[Swift.String]",
                    "children": [
                      {
                        "kind": "TypeNominal",
                        "name": "String",
                        "printedName": "Swift.String",
                        "usr": "s:SS"
                      }
                    ],
                    "usr": "s:Sa"
                  }
                ],
                "declKind": "Accessor",
                "usr": "s:9DLCoreSDK0A0C15allAssistantIdsSaySSGvg",
                "mangledName": "$s9DLCoreSDK0A0C15allAssistantIdsSaySSGvg",
                "moduleName": "DLCoreSDK",
                "accessorKind": "get"
              }
            ]
          }
        ],
        "declKind": "Class",
        "usr": "s:9DLCoreSDK0A0C",
        "mangledName": "$s9DLCoreSDK0A0C",
        "moduleName": "DLCoreSDK",
        "declAttributes": [
          "AccessControl"
        ],
        "hasMissingDesignatedInitializers": true
      },
      {
        "kind": "Import",
        "name": "Foundation",
        "printedName": "Foundation",
        "declKind": "Import",
        "moduleName": "DLCoreSDK",
        "declAttributes": [
          "RawDocComment"
        ]
      },
      {
        "kind": "Import",
        "name": "CocoaLumberjack",
        "printedName": "CocoaLumberjack",
        "declKind": "Import",
        "moduleName": "DLCoreSDK"
      },
      {
        "kind": "Import",
        "name": "Foundation",
        "printedName": "Foundation",
        "declKind": "Import",
        "moduleName": "DLCoreSDK",
        "declAttributes": [
          "RawDocComment"
        ]
      },
      {
        "kind": "Import",
        "name": "DLAssistingSDK",
        "printedName": "DLAssistingSDK",
        "declKind": "Import",
        "moduleName": "DLCoreSDK"
      },
      {
        "kind": "TypeDecl",
        "name": "DLCoreInteractionItem",
        "printedName": "DLCoreInteractionItem",
        "children": [
          {
            "kind": "Var",
            "name": "identifier",
            "printedName": "identifier",
            "children": [
              {
                "kind": "TypeNominal",
                "name": "String",
                "printedName": "Swift.String",
                "usr": "s:SS"
              }
            ],
            "declKind": "Var",
            "usr": "s:9DLCoreSDK0A15InteractionItemP10identifierSSvp",
            "mangledName": "$s9DLCoreSDK0A15InteractionItemP10identifierSSvp",
            "moduleName": "DLCoreSDK",
            "protocolReq": true,
            "accessors": [
              {
                "kind": "Accessor",
                "name": "Get",
                "printedName": "Get()",
                "children": [
                  {
                    "kind": "TypeNominal",
                    "name": "String",
                    "printedName": "Swift.String",
                    "usr": "s:SS"
                  }
                ],
                "declKind": "Accessor",
                "usr": "s:9DLCoreSDK0A15InteractionItemP10identifierSSvg",
                "mangledName": "$s9DLCoreSDK0A15InteractionItemP10identifierSSvg",
                "moduleName": "DLCoreSDK",
                "genericSig": "<τ_0_0 where τ_0_0 : DLCoreSDK.DLCoreInteractionItem>",
                "sugared_genericSig": "<Self where Self : DLCoreSDK.DLCoreInteractionItem>",
                "protocolReq": true,
                "reqNewWitnessTableEntry": true,
                "accessorKind": "get"
              }
            ]
          }
        ],
        "declKind": "Protocol",
        "usr": "s:9DLCoreSDK0A15InteractionItemP",
        "mangledName": "$s9DLCoreSDK0A15InteractionItemP",
        "moduleName": "DLCoreSDK",
        "genericSig": "<τ_0_0 : AnyObject>",
        "sugared_genericSig": "<Self : AnyObject>",
        "declAttributes": [
          "AccessControl"
        ]
      },
      {
        "kind": "TypeDecl",
        "name": "DLCoreInfoInteractionItem",
        "printedName": "DLCoreInfoInteractionItem",
        "children": [
          {
            "kind": "Var",
            "name": "text",
            "printedName": "text",
            "children": [
              {
                "kind": "TypeNominal",
                "name": "Optional",
                "printedName": "Swift.String?",
                "children": [
                  {
                    "kind": "TypeNominal",
                    "name": "String",
                    "printedName": "Swift.String",
                    "usr": "s:SS"
                  }
                ],
                "usr": "s:Sq"
              }
            ],
            "declKind": "Var",
            "usr": "s:9DLCoreSDK0A19InfoInteractionItemP4textSSSgvp",
            "mangledName": "$s9DLCoreSDK0A19InfoInteractionItemP4textSSSgvp",
            "moduleName": "DLCoreSDK",
            "protocolReq": true,
            "accessors": [
              {
                "kind": "Accessor",
                "name": "Get",
                "printedName": "Get()",
                "children": [
                  {
                    "kind": "TypeNominal",
                    "name": "Optional",
                    "printedName": "Swift.String?",
                    "children": [
                      {
                        "kind": "TypeNominal",
                        "name": "String",
                        "printedName": "Swift.String",
                        "usr": "s:SS"
                      }
                    ],
                    "usr": "s:Sq"
                  }
                ],
                "declKind": "Accessor",
                "usr": "s:9DLCoreSDK0A19InfoInteractionItemP4textSSSgvg",
                "mangledName": "$s9DLCoreSDK0A19InfoInteractionItemP4textSSSgvg",
                "moduleName": "DLCoreSDK",
                "genericSig": "<τ_0_0 where τ_0_0 : DLCoreSDK.DLCoreInfoInteractionItem>",
                "sugared_genericSig": "<Self where Self : DLCoreSDK.DLCoreInfoInteractionItem>",
                "protocolReq": true,
                "reqNewWitnessTableEntry": true,
                "accessorKind": "get"
              }
            ]
          },
          {
            "kind": "Var",
            "name": "image",
            "printedName": "image",
            "children": [
              {
                "kind": "TypeNominal",
                "name": "Optional",
                "printedName": "Foundation.Data?",
                "children": [
                  {
                    "kind": "TypeNominal",
                    "name": "Data",
                    "printedName": "Foundation.Data",
                    "usr": "s:10Foundation4DataV"
                  }
                ],
                "usr": "s:Sq"
              }
            ],
            "declKind": "Var",
            "usr": "s:9DLCoreSDK0A19InfoInteractionItemP5image10Foundation4DataVSgvp",
            "mangledName": "$s9DLCoreSDK0A19InfoInteractionItemP5image10Foundation4DataVSgvp",
            "moduleName": "DLCoreSDK",
            "protocolReq": true,
            "accessors": [
              {
                "kind": "Accessor",
                "name": "Get",
                "printedName": "Get()",
                "children": [
                  {
                    "kind": "TypeNominal",
                    "name": "Optional",
                    "printedName": "Foundation.Data?",
                    "children": [
                      {
                        "kind": "TypeNominal",
                        "name": "Data",
                        "printedName": "Foundation.Data",
                        "usr": "s:10Foundation4DataV"
                      }
                    ],
                    "usr": "s:Sq"
                  }
                ],
                "declKind": "Accessor",
                "usr": "s:9DLCoreSDK0A19InfoInteractionItemP5image10Foundation4DataVSgvg",
                "mangledName": "$s9DLCoreSDK0A19InfoInteractionItemP5image10Foundation4DataVSgvg",
                "moduleName": "DLCoreSDK",
                "genericSig": "<τ_0_0 where τ_0_0 : DLCoreSDK.DLCoreInfoInteractionItem>",
                "sugared_genericSig": "<Self where Self : DLCoreSDK.DLCoreInfoInteractionItem>",
                "protocolReq": true,
                "reqNewWitnessTableEntry": true,
                "accessorKind": "get"
              }
            ]
          }
        ],
        "declKind": "Protocol",
        "usr": "s:9DLCoreSDK0A19InfoInteractionItemP",
        "mangledName": "$s9DLCoreSDK0A19InfoInteractionItemP",
        "moduleName": "DLCoreSDK",
        "genericSig": "<τ_0_0 : DLCoreSDK.DLCoreInteractionItem>",
        "sugared_genericSig": "<Self : DLCoreSDK.DLCoreInteractionItem>",
        "declAttributes": [
          "AccessControl"
        ],
        "conformances": [
          {
            "kind": "Conformance",
            "name": "DLCoreInteractionItem",
            "printedName": "DLCoreInteractionItem",
            "usr": "s:9DLCoreSDK0A15InteractionItemP",
            "mangledName": "$s9DLCoreSDK0A15InteractionItemP"
          }
        ]
      },
      {
        "kind": "TypeDecl",
        "name": "DLCoreActionInteractionItem",
        "printedName": "DLCoreActionInteractionItem",
        "children": [
          {
            "kind": "Var",
            "name": "actions",
            "printedName": "actions",
            "children": [
              {
                "kind": "TypeNominal",
                "name": "Array",
                "printedName": "[DLCoreSDK.DLCoreAction]",
                "children": [
                  {
                    "kind": "TypeNominal",
                    "name": "DLCoreAction",
                    "printedName": "DLCoreSDK.DLCoreAction",
                    "usr": "s:9DLCoreSDK0A6ActionP"
                  }
                ],
                "usr": "s:Sa"
              }
            ],
            "declKind": "Var",
            "usr": "s:9DLCoreSDK0A21ActionInteractionItemP7actionsSayAA0aC0_pGvp",
            "mangledName": "$s9DLCoreSDK0A21ActionInteractionItemP7actionsSayAA0aC0_pGvp",
            "moduleName": "DLCoreSDK",
            "protocolReq": true,
            "accessors": [
              {
                "kind": "Accessor",
                "name": "Get",
                "printedName": "Get()",
                "children": [
                  {
                    "kind": "TypeNominal",
                    "name": "Array",
                    "printedName": "[DLCoreSDK.DLCoreAction]",
                    "children": [
                      {
                        "kind": "TypeNominal",
                        "name": "DLCoreAction",
                        "printedName": "DLCoreSDK.DLCoreAction",
                        "usr": "s:9DLCoreSDK0A6ActionP"
                      }
                    ],
                    "usr": "s:Sa"
                  }
                ],
                "declKind": "Accessor",
                "usr": "s:9DLCoreSDK0A21ActionInteractionItemP7actionsSayAA0aC0_pGvg",
                "mangledName": "$s9DLCoreSDK0A21ActionInteractionItemP7actionsSayAA0aC0_pGvg",
                "moduleName": "DLCoreSDK",
                "genericSig": "<τ_0_0 where τ_0_0 : DLCoreSDK.DLCoreActionInteractionItem>",
                "sugared_genericSig": "<Self where Self : DLCoreSDK.DLCoreActionInteractionItem>",
                "protocolReq": true,
                "reqNewWitnessTableEntry": true,
                "accessorKind": "get"
              }
            ]
          }
        ],
        "declKind": "Protocol",
        "usr": "s:9DLCoreSDK0A21ActionInteractionItemP",
        "mangledName": "$s9DLCoreSDK0A21ActionInteractionItemP",
        "moduleName": "DLCoreSDK",
        "genericSig": "<τ_0_0 : DLCoreSDK.DLCoreInteractionItem>",
        "sugared_genericSig": "<Self : DLCoreSDK.DLCoreInteractionItem>",
        "declAttributes": [
          "AccessControl"
        ],
        "conformances": [
          {
            "kind": "Conformance",
            "name": "DLCoreInteractionItem",
            "printedName": "DLCoreInteractionItem",
            "usr": "s:9DLCoreSDK0A15InteractionItemP",
            "mangledName": "$s9DLCoreSDK0A15InteractionItemP"
          }
        ]
      },
      {
        "kind": "TypeDecl",
        "name": "DLCoreUnionInteractionItem",
        "printedName": "DLCoreUnionInteractionItem",
        "children": [
          {
            "kind": "Var",
            "name": "subItems",
            "printedName": "subItems",
            "children": [
              {
                "kind": "TypeNominal",
                "name": "Array",
                "printedName": "[DLCoreSDK.DLCoreInteractionItem]",
                "children": [
                  {
                    "kind": "TypeNominal",
                    "name": "DLCoreInteractionItem",
                    "printedName": "DLCoreSDK.DLCoreInteractionItem",
                    "usr": "s:9DLCoreSDK0A15InteractionItemP"
                  }
                ],
                "usr": "s:Sa"
              }
            ],
            "declKind": "Var",
            "usr": "s:9DLCoreSDK0A20UnionInteractionItemP8subItemsSayAA0adE0_pGvp",
            "mangledName": "$s9DLCoreSDK0A20UnionInteractionItemP8subItemsSayAA0adE0_pGvp",
            "moduleName": "DLCoreSDK",
            "protocolReq": true,
            "accessors": [
              {
                "kind": "Accessor",
                "name": "Get",
                "printedName": "Get()",
                "children": [
                  {
                    "kind": "TypeNominal",
                    "name": "Array",
                    "printedName": "[DLCoreSDK.DLCoreInteractionItem]",
                    "children": [
                      {
                        "kind": "TypeNominal",
                        "name": "DLCoreInteractionItem",
                        "printedName": "DLCoreSDK.DLCoreInteractionItem",
                        "usr": "s:9DLCoreSDK0A15InteractionItemP"
                      }
                    ],
                    "usr": "s:Sa"
                  }
                ],
                "declKind": "Accessor",
                "usr": "s:9DLCoreSDK0A20UnionInteractionItemP8subItemsSayAA0adE0_pGvg",
                "mangledName": "$s9DLCoreSDK0A20UnionInteractionItemP8subItemsSayAA0adE0_pGvg",
                "moduleName": "DLCoreSDK",
                "genericSig": "<τ_0_0 where τ_0_0 : DLCoreSDK.DLCoreUnionInteractionItem>",
                "sugared_genericSig": "<Self where Self : DLCoreSDK.DLCoreUnionInteractionItem>",
                "protocolReq": true,
                "reqNewWitnessTableEntry": true,
                "accessorKind": "get"
              }
            ]
          }
        ],
        "declKind": "Protocol",
        "usr": "s:9DLCoreSDK0A20UnionInteractionItemP",
        "mangledName": "$s9DLCoreSDK0A20UnionInteractionItemP",
        "moduleName": "DLCoreSDK",
        "genericSig": "<τ_0_0 : DLCoreSDK.DLCoreInteractionItem>",
        "sugared_genericSig": "<Self : DLCoreSDK.DLCoreInteractionItem>",
        "declAttributes": [
          "AccessControl"
        ],
        "conformances": [
          {
            "kind": "Conformance",
            "name": "DLCoreInteractionItem",
            "printedName": "DLCoreInteractionItem",
            "usr": "s:9DLCoreSDK0A15InteractionItemP",
            "mangledName": "$s9DLCoreSDK0A15InteractionItemP"
          }
        ]
      },
      {
        "kind": "TypeDecl",
        "name": "DLCoreAction",
        "printedName": "DLCoreAction",
        "children": [
          {
            "kind": "Var",
            "name": "title",
            "printedName": "title",
            "children": [
              {
                "kind": "TypeNominal",
                "name": "String",
                "printedName": "Swift.String",
                "usr": "s:SS"
              }
            ],
            "declKind": "Var",
            "usr": "s:9DLCoreSDK0A6ActionP5titleSSvp",
            "mangledName": "$s9DLCoreSDK0A6ActionP5titleSSvp",
            "moduleName": "DLCoreSDK",
            "protocolReq": true,
            "accessors": [
              {
                "kind": "Accessor",
                "name": "Get",
                "printedName": "Get()",
                "children": [
                  {
                    "kind": "TypeNominal",
                    "name": "String",
                    "printedName": "Swift.String",
                    "usr": "s:SS"
                  }
                ],
                "declKind": "Accessor",
                "usr": "s:9DLCoreSDK0A6ActionP5titleSSvg",
                "mangledName": "$s9DLCoreSDK0A6ActionP5titleSSvg",
                "moduleName": "DLCoreSDK",
                "genericSig": "<τ_0_0 where τ_0_0 : DLCoreSDK.DLCoreAction>",
                "sugared_genericSig": "<Self where Self : DLCoreSDK.DLCoreAction>",
                "protocolReq": true,
                "reqNewWitnessTableEntry": true,
                "accessorKind": "get"
              }
            ]
          },
          {
            "kind": "Function",
            "name": "perform",
            "printedName": "perform()",
            "children": [
              {
                "kind": "TypeNominal",
                "name": "Void",
                "printedName": "()"
              }
            ],
            "declKind": "Func",
            "usr": "s:9DLCoreSDK0A6ActionP7performyyF",
            "mangledName": "$s9DLCoreSDK0A6ActionP7performyyF",
            "moduleName": "DLCoreSDK",
            "genericSig": "<τ_0_0 where τ_0_0 : DLCoreSDK.DLCoreAction>",
            "sugared_genericSig": "<Self where Self : DLCoreSDK.DLCoreAction>",
            "protocolReq": true,
            "reqNewWitnessTableEntry": true,
            "funcSelfKind": "NonMutating"
          }
        ],
        "declKind": "Protocol",
        "usr": "s:9DLCoreSDK0A6ActionP",
        "mangledName": "$s9DLCoreSDK0A6ActionP",
        "moduleName": "DLCoreSDK",
        "declAttributes": [
          "AccessControl",
          "RawDocComment"
        ]
      },
      {
        "kind": "Import",
        "name": "Foundation",
        "printedName": "Foundation",
        "declKind": "Import",
        "moduleName": "DLCoreSDK",
        "declAttributes": [
          "RawDocComment"
        ]
      },
      {
        "kind": "Import",
        "name": "DLAssistingSDK",
        "printedName": "DLAssistingSDK",
        "declKind": "Import",
        "moduleName": "DLCoreSDK"
      },
      {
        "kind": "TypeDecl",
        "name": "DLCoreAssistant",
        "printedName": "DLCoreAssistant",
        "children": [
          {
            "kind": "Var",
            "name": "isEnabled",
            "printedName": "isEnabled",
            "children": [
              {
                "kind": "TypeNominal",
                "name": "Bool",
                "printedName": "Swift.Bool",
                "usr": "s:Sb"
              }
            ],
            "declKind": "Var",
            "usr": "s:9DLCoreSDK0A9AssistantP9isEnabledSbvp",
            "mangledName": "$s9DLCoreSDK0A9AssistantP9isEnabledSbvp",
            "moduleName": "DLCoreSDK",
            "protocolReq": true,
            "accessors": [
              {
                "kind": "Accessor",
                "name": "Get",
                "printedName": "Get()",
                "children": [
                  {
                    "kind": "TypeNominal",
                    "name": "Bool",
                    "printedName": "Swift.Bool",
                    "usr": "s:Sb"
                  }
                ],
                "declKind": "Accessor",
                "usr": "s:9DLCoreSDK0A9AssistantP9isEnabledSbvg",
                "mangledName": "$s9DLCoreSDK0A9AssistantP9isEnabledSbvg",
                "moduleName": "DLCoreSDK",
                "genericSig": "<τ_0_0 where τ_0_0 : DLCoreSDK.DLCoreAssistant>",
                "sugared_genericSig": "<Self where Self : DLCoreSDK.DLCoreAssistant>",
                "protocolReq": true,
                "reqNewWitnessTableEntry": true,
                "accessorKind": "get"
              },
              {
                "kind": "Accessor",
                "name": "Set",
                "printedName": "Set()",
                "children": [
                  {
                    "kind": "TypeNominal",
                    "name": "Void",
                    "printedName": "()"
                  },
                  {
                    "kind": "TypeNominal",
                    "name": "Bool",
                    "printedName": "Swift.Bool",
                    "usr": "s:Sb"
                  }
                ],
                "declKind": "Accessor",
                "usr": "s:9DLCoreSDK0A9AssistantP9isEnabledSbvs",
                "mangledName": "$s9DLCoreSDK0A9AssistantP9isEnabledSbvs",
                "moduleName": "DLCoreSDK",
                "genericSig": "<τ_0_0 where τ_0_0 : DLCoreSDK.DLCoreAssistant>",
                "sugared_genericSig": "<Self where Self : DLCoreSDK.DLCoreAssistant>",
                "protocolReq": true,
                "reqNewWitnessTableEntry": true,
                "accessorKind": "set"
              },
              {
                "kind": "Accessor",
                "name": "Modify",
                "printedName": "Modify()",
                "children": [
                  {
                    "kind": "TypeNominal",
                    "name": "Void",
                    "printedName": "()"
                  }
                ],
                "declKind": "Accessor",
                "usr": "s:9DLCoreSDK0A9AssistantP9isEnabledSbvM",
                "mangledName": "$s9DLCoreSDK0A9AssistantP9isEnabledSbvM",
                "moduleName": "DLCoreSDK",
                "genericSig": "<τ_0_0 where τ_0_0 : DLCoreSDK.DLCoreAssistant>",
                "sugared_genericSig": "<Self where Self : DLCoreSDK.DLCoreAssistant>",
                "protocolReq": true,
                "implicit": true,
                "reqNewWitnessTableEntry": true,
                "accessorKind": "_modify"
              }
            ]
          },
          {
            "kind": "Var",
            "name": "interactionItem",
            "printedName": "interactionItem",
            "children": [
              {
                "kind": "TypeNominal",
                "name": "Optional",
                "printedName": "DLCoreSDK.DLCoreInteractionItem?",
                "children": [
                  {
                    "kind": "TypeNominal",
                    "name": "DLCoreInteractionItem",
                    "printedName": "DLCoreSDK.DLCoreInteractionItem",
                    "usr": "s:9DLCoreSDK0A15InteractionItemP"
                  }
                ],
                "usr": "s:Sq"
              }
            ],
            "declKind": "Var",
            "usr": "s:9DLCoreSDK0A9AssistantP15interactionItemAA0a11InteractionE0_pSgvp",
            "mangledName": "$s9DLCoreSDK0A9AssistantP15interactionItemAA0a11InteractionE0_pSgvp",
            "moduleName": "DLCoreSDK",
            "protocolReq": true,
            "accessors": [
              {
                "kind": "Accessor",
                "name": "Get",
                "printedName": "Get()",
                "children": [
                  {
                    "kind": "TypeNominal",
                    "name": "Optional",
                    "printedName": "DLCoreSDK.DLCoreInteractionItem?",
                    "children": [
                      {
                        "kind": "TypeNominal",
                        "name": "DLCoreInteractionItem",
                        "printedName": "DLCoreSDK.DLCoreInteractionItem",
                        "usr": "s:9DLCoreSDK0A15InteractionItemP"
                      }
                    ],
                    "usr": "s:Sq"
                  }
                ],
                "declKind": "Accessor",
                "usr": "s:9DLCoreSDK0A9AssistantP15interactionItemAA0a11InteractionE0_pSgvg",
                "mangledName": "$s9DLCoreSDK0A9AssistantP15interactionItemAA0a11InteractionE0_pSgvg",
                "moduleName": "DLCoreSDK",
                "genericSig": "<τ_0_0 where τ_0_0 : DLCoreSDK.DLCoreAssistant>",
                "sugared_genericSig": "<Self where Self : DLCoreSDK.DLCoreAssistant>",
                "protocolReq": true,
                "reqNewWitnessTableEntry": true,
                "accessorKind": "get"
              }
            ]
          },
          {
            "kind": "Var",
            "name": "delegate",
            "printedName": "delegate",
            "children": [
              {
                "kind": "TypeNominal",
                "name": "Optional",
                "printedName": "DLCoreSDK.DLCoreAssistantDelegate?",
                "children": [
                  {
                    "kind": "TypeNominal",
                    "name": "DLCoreAssistantDelegate",
                    "printedName": "DLCoreSDK.DLCoreAssistantDelegate",
                    "usr": "s:9DLCoreSDK0A17AssistantDelegateP"
                  }
                ],
                "usr": "s:Sq"
              }
            ],
            "declKind": "Var",
            "usr": "s:9DLCoreSDK0A9AssistantP8delegateAA0aC8Delegate_pSgvp",
            "mangledName": "$s9DLCoreSDK0A9AssistantP8delegateAA0aC8Delegate_pSgvp",
            "moduleName": "DLCoreSDK",
            "protocolReq": true,
            "accessors": [
              {
                "kind": "Accessor",
                "name": "Get",
                "printedName": "Get()",
                "children": [
                  {
                    "kind": "TypeNominal",
                    "name": "Optional",
                    "printedName": "DLCoreSDK.DLCoreAssistantDelegate?",
                    "children": [
                      {
                        "kind": "TypeNominal",
                        "name": "DLCoreAssistantDelegate",
                        "printedName": "DLCoreSDK.DLCoreAssistantDelegate",
                        "usr": "s:9DLCoreSDK0A17AssistantDelegateP"
                      }
                    ],
                    "usr": "s:Sq"
                  }
                ],
                "declKind": "Accessor",
                "usr": "s:9DLCoreSDK0A9AssistantP8delegateAA0aC8Delegate_pSgvg",
                "mangledName": "$s9DLCoreSDK0A9AssistantP8delegateAA0aC8Delegate_pSgvg",
                "moduleName": "DLCoreSDK",
                "genericSig": "<τ_0_0 where τ_0_0 : DLCoreSDK.DLCoreAssistant>",
                "sugared_genericSig": "<Self where Self : DLCoreSDK.DLCoreAssistant>",
                "protocolReq": true,
                "reqNewWitnessTableEntry": true,
                "accessorKind": "get"
              },
              {
                "kind": "Accessor",
                "name": "Set",
                "printedName": "Set()",
                "children": [
                  {
                    "kind": "TypeNominal",
                    "name": "Void",
                    "printedName": "()"
                  },
                  {
                    "kind": "TypeNominal",
                    "name": "Optional",
                    "printedName": "DLCoreSDK.DLCoreAssistantDelegate?",
                    "children": [
                      {
                        "kind": "TypeNominal",
                        "name": "DLCoreAssistantDelegate",
                        "printedName": "DLCoreSDK.DLCoreAssistantDelegate",
                        "usr": "s:9DLCoreSDK0A17AssistantDelegateP"
                      }
                    ],
                    "usr": "s:Sq"
                  }
                ],
                "declKind": "Accessor",
                "usr": "s:9DLCoreSDK0A9AssistantP8delegateAA0aC8Delegate_pSgvs",
                "mangledName": "$s9DLCoreSDK0A9AssistantP8delegateAA0aC8Delegate_pSgvs",
                "moduleName": "DLCoreSDK",
                "genericSig": "<τ_0_0 where τ_0_0 : DLCoreSDK.DLCoreAssistant>",
                "sugared_genericSig": "<Self where Self : DLCoreSDK.DLCoreAssistant>",
                "protocolReq": true,
                "reqNewWitnessTableEntry": true,
                "accessorKind": "set"
              },
              {
                "kind": "Accessor",
                "name": "Modify",
                "printedName": "Modify()",
                "children": [
                  {
                    "kind": "TypeNominal",
                    "name": "Void",
                    "printedName": "()"
                  }
                ],
                "declKind": "Accessor",
                "usr": "s:9DLCoreSDK0A9AssistantP8delegateAA0aC8Delegate_pSgvM",
                "mangledName": "$s9DLCoreSDK0A9AssistantP8delegateAA0aC8Delegate_pSgvM",
                "moduleName": "DLCoreSDK",
                "genericSig": "<τ_0_0 where τ_0_0 : DLCoreSDK.DLCoreAssistant>",
                "sugared_genericSig": "<Self where Self : DLCoreSDK.DLCoreAssistant>",
                "protocolReq": true,
                "implicit": true,
                "reqNewWitnessTableEntry": true,
                "accessorKind": "_modify"
              }
            ]
          },
          {
            "kind": "Function",
            "name": "startAssisting",
            "printedName": "startAssisting()",
            "children": [
              {
                "kind": "TypeNominal",
                "name": "Bool",
                "printedName": "Swift.Bool",
                "usr": "s:Sb"
              }
            ],
            "declKind": "Func",
            "usr": "s:9DLCoreSDK0A9AssistantP14startAssistingSbyF",
            "mangledName": "$s9DLCoreSDK0A9AssistantP14startAssistingSbyF",
            "moduleName": "DLCoreSDK",
            "genericSig": "<τ_0_0 where τ_0_0 : DLCoreSDK.DLCoreAssistant>",
            "sugared_genericSig": "<Self where Self : DLCoreSDK.DLCoreAssistant>",
            "protocolReq": true,
            "reqNewWitnessTableEntry": true,
            "funcSelfKind": "NonMutating"
          },
          {
            "kind": "Function",
            "name": "stopAssisting",
            "printedName": "stopAssisting()",
            "children": [
              {
                "kind": "TypeNominal",
                "name": "Void",
                "printedName": "()"
              }
            ],
            "declKind": "Func",
            "usr": "s:9DLCoreSDK0A9AssistantP13stopAssistingyyF",
            "mangledName": "$s9DLCoreSDK0A9AssistantP13stopAssistingyyF",
            "moduleName": "DLCoreSDK",
            "genericSig": "<τ_0_0 where τ_0_0 : DLCoreSDK.DLCoreAssistant>",
            "sugared_genericSig": "<Self where Self : DLCoreSDK.DLCoreAssistant>",
            "protocolReq": true,
            "reqNewWitnessTableEntry": true,
            "funcSelfKind": "NonMutating"
          }
        ],
        "declKind": "Protocol",
        "usr": "s:9DLCoreSDK0A9AssistantP",
        "mangledName": "$s9DLCoreSDK0A9AssistantP",
        "moduleName": "DLCoreSDK",
        "genericSig": "<τ_0_0 : AnyObject>",
        "sugared_genericSig": "<Self : AnyObject>",
        "declAttributes": [
          "AccessControl"
        ]
      },
      {
        "kind": "TypeDecl",
        "name": "DLCoreAssistantDelegate",
        "printedName": "DLCoreAssistantDelegate",
        "children": [
          {
            "kind": "Function",
            "name": "assistantDidUpdateInterractionItem",
            "printedName": "assistantDidUpdateInterractionItem(_:)",
            "children": [
              {
                "kind": "TypeNominal",
                "name": "Void",
                "printedName": "()"
              },
              {
                "kind": "TypeNominal",
                "name": "DLCoreAssistant",
                "printedName": "DLCoreSDK.DLCoreAssistant",
                "usr": "s:9DLCoreSDK0A9AssistantP"
              }
            ],
            "declKind": "Func",
            "usr": "s:9DLCoreSDK0A17AssistantDelegateP34assistantDidUpdateInterractionItemyyAA0aC0_pF",
            "mangledName": "$s9DLCoreSDK0A17AssistantDelegateP34assistantDidUpdateInterractionItemyyAA0aC0_pF",
            "moduleName": "DLCoreSDK",
            "genericSig": "<τ_0_0 where τ_0_0 : DLCoreSDK.DLCoreAssistantDelegate>",
            "sugared_genericSig": "<Self where Self : DLCoreSDK.DLCoreAssistantDelegate>",
            "protocolReq": true,
            "reqNewWitnessTableEntry": true,
            "funcSelfKind": "NonMutating"
          }
        ],
        "declKind": "Protocol",
        "usr": "s:9DLCoreSDK0A17AssistantDelegateP",
        "mangledName": "$s9DLCoreSDK0A17AssistantDelegateP",
        "moduleName": "DLCoreSDK",
        "genericSig": "<τ_0_0 : AnyObject>",
        "sugared_genericSig": "<Self : AnyObject>",
        "declAttributes": [
          "AccessControl"
        ]
      }
    ],
    "json_format_version": 8
  },
  "ConstValues": []
}