{
  "ABIRoot": {
    "kind": "Root",
    "name": "TopLevel",
    "printedName": "TopLevel",
    "children": [
      {
        "kind": "Import",
        "name": "Foundation",
        "printedName": "Foundation",
        "declKind": "Import",
        "moduleName": "OnPackagesAPI",
        "declAttributes": [
          "RawDocComment"
        ]
      },
      {
        "kind": "Import",
        "name": "OnPackageWrrapper",
        "printedName": "OnPackageWrrapper",
        "declKind": "Import",
        "moduleName": "OnPackagesAPI"
      },
      {
        "kind": "TypeDecl",
        "name": "PublicAPI",
        "printedName": "PublicAPI",
        "children": [
          {
            "kind": "Var",
            "name": "shared",
            "printedName": "shared",
            "children": [
              {
                "kind": "TypeNominal",
                "name": "PublicAPI",
                "printedName": "OnPackagesAPI.PublicAPI",
                "usr": "s:13OnPackagesAPI06PublicC0C"
              }
            ],
            "declKind": "Var",
            "usr": "s:13OnPackagesAPI06PublicC0C6sharedACvpZ",
            "mangledName": "$s13OnPackagesAPI06PublicC0C6sharedACvpZ",
            "moduleName": "OnPackagesAPI",
            "static": true,
            "declAttributes": [
              "HasInitialValue",
              "Final",
              "HasStorage",
              "AccessControl"
            ],
            "hasStorage": true,
            "accessors": [
              {
                "kind": "Accessor",
                "name": "Get",
                "printedName": "Get()",
                "children": [
                  {
                    "kind": "TypeNominal",
                    "name": "PublicAPI",
                    "printedName": "OnPackagesAPI.PublicAPI",
                    "usr": "s:13OnPackagesAPI06PublicC0C"
                  }
                ],
                "declKind": "Accessor",
                "usr": "s:13OnPackagesAPI06PublicC0C6sharedACvgZ",
                "mangledName": "$s13OnPackagesAPI06PublicC0C6sharedACvgZ",
                "moduleName": "OnPackagesAPI",
                "static": true,
                "implicit": true,
                "declAttributes": [
                  "Final"
                ],
                "accessorKind": "get"
              },
              {
                "kind": "Accessor",
                "name": "Set",
                "printedName": "Set()",
                "children": [
                  {
                    "kind": "TypeNominal",
                    "name": "Void",
                    "printedName": "()"
                  },
                  {
                    "kind": "TypeNominal",
                    "name": "PublicAPI",
                    "printedName": "OnPackagesAPI.PublicAPI",
                    "usr": "s:13OnPackagesAPI06PublicC0C"
                  }
                ],
                "declKind": "Accessor",
                "usr": "s:13OnPackagesAPI06PublicC0C6sharedACvsZ",
                "mangledName": "$s13OnPackagesAPI06PublicC0C6sharedACvsZ",
                "moduleName": "OnPackagesAPI",
                "static": true,
                "implicit": true,
                "declAttributes": [
                  "Final"
                ],
                "accessorKind": "set"
              },
              {
                "kind": "Accessor",
                "name": "Modify",
                "printedName": "Modify()",
                "children": [
                  {
                    "kind": "TypeNominal",
                    "name": "Void",
                    "printedName": "()"
                  }
                ],
                "declKind": "Accessor",
                "usr": "s:13OnPackagesAPI06PublicC0C6sharedACvMZ",
                "mangledName": "$s13OnPackagesAPI06PublicC0C6sharedACvMZ",
                "moduleName": "OnPackagesAPI",
                "static": true,
                "implicit": true,
                "declAttributes": [
                  "Final"
                ],
                "accessorKind": "_modify"
              }
            ]
          },
          {
            "kind": "Var",
            "name": "count",
            "printedName": "count",
            "children": [
              {
                "kind": "TypeNominal",
                "name": "Int",
                "printedName": "Swift.Int",
                "usr": "s:Si"
              }
            ],
            "declKind": "Var",
            "usr": "s:13OnPackagesAPI06PublicC0C5countSivp",
            "mangledName": "$s13OnPackagesAPI06PublicC0C5countSivp",
            "moduleName": "OnPackagesAPI",
            "declAttributes": [
              "AccessControl"
            ],
            "accessors": [
              {
                "kind": "Accessor",
                "name": "Get",
                "printedName": "Get()",
                "children": [
                  {
                    "kind": "TypeNominal",
                    "name": "Int",
                    "printedName": "Swift.Int",
                    "usr": "s:Si"
                  }
                ],
                "declKind": "Accessor",
                "usr": "s:13OnPackagesAPI06PublicC0C5countSivg",
                "mangledName": "$s13OnPackagesAPI06PublicC0C5countSivg",
                "moduleName": "OnPackagesAPI",
                "accessorKind": "get"
              }
            ]
          },
          {
            "kind": "Var",
            "name": "first",
            "printedName": "first",
            "children": [
              {
                "kind": "TypeNominal",
                "name": "Optional",
                "printedName": "(Swift.String, Swift.String)?",
                "children": [
                  {
                    "kind": "TypeNominal",
                    "name": "Tuple",
                    "printedName": "(Swift.String, Swift.String)",
                    "children": [
                      {
                        "kind": "TypeNominal",
                        "name": "String",
                        "printedName": "Swift.String",
                        "usr": "s:SS"
                      },
                      {
                        "kind": "TypeNominal",
                        "name": "String",
                        "printedName": "Swift.String",
                        "usr": "s:SS"
                      }
                    ]
                  }
                ],
                "usr": "s:Sq"
              }
            ],
            "declKind": "Var",
            "usr": "s:13OnPackagesAPI06PublicC0C5firstSS_SStSgvp",
            "mangledName": "$s13OnPackagesAPI06PublicC0C5firstSS_SStSgvp",
            "moduleName": "OnPackagesAPI",
            "declAttributes": [
              "AccessControl"
            ],
            "accessors": [
              {
                "kind": "Accessor",
                "name": "Get",
                "printedName": "Get()",
                "children": [
                  {
                    "kind": "TypeNominal",
                    "name": "Optional",
                    "printedName": "(Swift.String, Swift.String)?",
                    "children": [
                      {
                        "kind": "TypeNominal",
                        "name": "Tuple",
                        "printedName": "(Swift.String, Swift.String)",
                        "children": [
                          {
                            "kind": "TypeNominal",
                            "name": "String",
                            "printedName": "Swift.String",
                            "usr": "s:SS"
                          },
                          {
                            "kind": "TypeNominal",
                            "name": "String",
                            "printedName": "Swift.String",
                            "usr": "s:SS"
                          }
                        ]
                      }
                    ],
                    "usr": "s:Sq"
                  }
                ],
                "declKind": "Accessor",
                "usr": "s:13OnPackagesAPI06PublicC0C5firstSS_SStSgvg",
                "mangledName": "$s13OnPackagesAPI06PublicC0C5firstSS_SStSgvg",
                "moduleName": "OnPackagesAPI",
                "accessorKind": "get"
              }
            ]
          },
          {
            "kind": "Function",
            "name": "load",
            "printedName": "load()",
            "children": [
              {
                "kind": "TypeNominal",
                "name": "Void",
                "printedName": "()"
              }
            ],
            "declKind": "Func",
            "usr": "s:13OnPackagesAPI06PublicC0C4loadyyF",
            "mangledName": "$s13OnPackagesAPI06PublicC0C4loadyyF",
            "moduleName": "OnPackagesAPI",
            "declAttributes": [
              "AccessControl"
            ],
            "funcSelfKind": "NonMutating"
          }
        ],
        "declKind": "Class",
        "usr": "s:13OnPackagesAPI06PublicC0C",
        "mangledName": "$s13OnPackagesAPI06PublicC0C",
        "moduleName": "OnPackagesAPI",
        "declAttributes": [
          "AccessControl"
        ],
        "hasMissingDesignatedInitializers": true
      }
    ],
    "json_format_version": 8
  },
  "ConstValues": [
    {
      "filePath": "\/Users\/developer\/Developer\/Sources\/lekarion.private\/Experiments\/Sources\/SwiftPrivate\/OnPackagesAPI\/OnPackagesAPI\/PublicAPI.swift",
      "kind": "IntegerLiteral",
      "offset": 490,
      "length": 1,
      "value": "1"
    },
    {
      "filePath": "\/Users\/developer\/Developer\/Sources\/lekarion.private\/Experiments\/Sources\/SwiftPrivate\/OnPackagesAPI\/OnPackagesAPI\/PublicAPI.swift",
      "kind": "IntegerLiteral",
      "offset": 494,
      "length": 1,
      "value": "3"
    },
    {
      "filePath": "\/Users\/developer\/Developer\/Sources\/lekarion.private\/Experiments\/Sources\/SwiftPrivate\/OnPackagesAPI\/OnPackagesAPI\/PublicAPI.swift",
      "kind": "StringLiteral",
      "offset": 553,
      "length": 8,
      "value": "\"\""
    },
    {
      "filePath": "\/Users\/developer\/Developer\/Sources\/lekarion.private\/Experiments\/Sources\/SwiftPrivate\/OnPackagesAPI\/OnPackagesAPI\/PublicAPI.swift",
      "kind": "StringLiteral",
      "offset": 560,
      "length": 34,
      "value": "\"\""
    }
  ]
}