{
  "ABIRoot": {
    "kind": "Root",
    "name": "TopLevel",
    "printedName": "TopLevel",
    "children": [
      {
        "kind": "Import",
        "name": "Foundation",
        "printedName": "Foundation",
        "declKind": "Import",
        "moduleName": "DecouplingLabSDK",
        "declAttributes": [
          "RawDocComment"
        ]
      },
      {
        "kind": "Import",
        "name": "CocoaLumberjack",
        "printedName": "CocoaLumberjack",
        "declKind": "Import",
        "moduleName": "DecouplingLabSDK"
      },
      {
        "kind": "TypeDecl",
        "name": "DecouplingLabSDK",
        "printedName": "DecouplingLabSDK",
        "children": [
          {
            "kind": "Function",
            "name": "start",
            "printedName": "start(with:)",
            "children": [
              {
                "kind": "TypeNominal",
                "name": "Void",
                "printedName": "()"
              },
              {
                "kind": "TypeNominal",
                "name": "String",
                "printedName": "Swift.String",
                "usr": "s:SS"
              }
            ],
            "declKind": "Func",
            "usr": "s:16DecouplingLabSDKAAC5start4withySS_tFZ",
            "mangledName": "$s16DecouplingLabSDKAAC5start4withySS_tFZ",
            "moduleName": "DecouplingLabSDK",
            "static": true,
            "declAttributes": [
              "Final",
              "AccessControl",
              "RawDocComment"
            ],
            "funcSelfKind": "NonMutating"
          },
          {
            "kind": "Function",
            "name": "isAssistantAvailable",
            "printedName": "isAssistantAvailable(for:)",
            "children": [
              {
                "kind": "TypeNominal",
                "name": "Bool",
                "printedName": "Swift.Bool",
                "usr": "s:Sb"
              },
              {
                "kind": "TypeNominal",
                "name": "String",
                "printedName": "Swift.String",
                "usr": "s:SS"
              }
            ],
            "declKind": "Func",
            "usr": "s:16DecouplingLabSDKAAC20isAssistantAvailable3forSbSS_tFZ",
            "mangledName": "$s16DecouplingLabSDKAAC20isAssistantAvailable3forSbSS_tFZ",
            "moduleName": "DecouplingLabSDK",
            "static": true,
            "declAttributes": [
              "Final",
              "AccessControl"
            ],
            "funcSelfKind": "NonMutating"
          },
          {
            "kind": "Function",
            "name": "enableAssistant",
            "printedName": "enableAssistant(for:_:)",
            "children": [
              {
                "kind": "TypeNominal",
                "name": "Void",
                "printedName": "()"
              },
              {
                "kind": "TypeNominal",
                "name": "String",
                "printedName": "Swift.String",
                "usr": "s:SS"
              },
              {
                "kind": "TypeNominal",
                "name": "Bool",
                "printedName": "Swift.Bool",
                "usr": "s:Sb"
              }
            ],
            "declKind": "Func",
            "usr": "s:16DecouplingLabSDKAAC15enableAssistant3for_ySS_SbtFZ",
            "mangledName": "$s16DecouplingLabSDKAAC15enableAssistant3for_ySS_SbtFZ",
            "moduleName": "DecouplingLabSDK",
            "static": true,
            "declAttributes": [
              "Final",
              "AccessControl"
            ],
            "funcSelfKind": "NonMutating"
          },
          {
            "kind": "Function",
            "name": "isEnabledAssistant",
            "printedName": "isEnabledAssistant(for:)",
            "children": [
              {
                "kind": "TypeNominal",
                "name": "Bool",
                "printedName": "Swift.Bool",
                "usr": "s:Sb"
              },
              {
                "kind": "TypeNominal",
                "name": "String",
                "printedName": "Swift.String",
                "usr": "s:SS"
              }
            ],
            "declKind": "Func",
            "usr": "s:16DecouplingLabSDKAAC18isEnabledAssistant3forSbSS_tFZ",
            "mangledName": "$s16DecouplingLabSDKAAC18isEnabledAssistant3forSbSS_tFZ",
            "moduleName": "DecouplingLabSDK",
            "static": true,
            "declAttributes": [
              "Final",
              "AccessControl"
            ],
            "funcSelfKind": "NonMutating"
          },
          {
            "kind": "Function",
            "name": "stop",
            "printedName": "stop()",
            "children": [
              {
                "kind": "TypeNominal",
                "name": "Void",
                "printedName": "()"
              }
            ],
            "declKind": "Func",
            "usr": "s:16DecouplingLabSDKAAC4stopyyFZ",
            "mangledName": "$s16DecouplingLabSDKAAC4stopyyFZ",
            "moduleName": "DecouplingLabSDK",
            "static": true,
            "declAttributes": [
              "Final",
              "AccessControl"
            ],
            "funcSelfKind": "NonMutating"
          }
        ],
        "declKind": "Class",
        "usr": "s:16DecouplingLabSDKAAC",
        "mangledName": "$s16DecouplingLabSDKAAC",
        "moduleName": "DecouplingLabSDK",
        "declAttributes": [
          "AccessControl"
        ],
        "hasMissingDesignatedInitializers": true
      },
      {
        "kind": "Import",
        "name": "Foundation",
        "printedName": "Foundation",
        "declKind": "Import",
        "moduleName": "DecouplingLabSDK",
        "declAttributes": [
          "RawDocComment"
        ]
      },
      {
        "kind": "Import",
        "name": "Foundation",
        "printedName": "Foundation",
        "declKind": "Import",
        "moduleName": "DecouplingLabSDK",
        "declAttributes": [
          "RawDocComment"
        ]
      },
      {
        "kind": "Import",
        "name": "Combine",
        "printedName": "Combine",
        "declKind": "Import",
        "moduleName": "DecouplingLabSDK"
      },
      {
        "kind": "Import",
        "name": "Foundation",
        "printedName": "Foundation",
        "declKind": "Import",
        "moduleName": "DecouplingLabSDK",
        "declAttributes": [
          "RawDocComment"
        ]
      },
      {
        "kind": "Import",
        "name": "CocoaLumberjack",
        "printedName": "CocoaLumberjack",
        "declKind": "Import",
        "moduleName": "DecouplingLabSDK"
      }
    ],
    "json_format_version": 8
  },
  "ConstValues": [
    {
      "filePath": "\/Users\/developer\/Developer\/Sources\/lekarion.private\/Experiments\/Sources\/DecouplingLab\/DecouplingLabSDK\/DecouplingLabSDK\/DecouplingLabSDK.swift",
      "kind": "StringLiteral",
      "offset": 1621,
      "length": 19,
      "value": "\"DecouplingLabSDK:\""
    }
  ]
}